player_name,club_name,position_name,now_cost,total_points,event_points,points_per_game,selected_by_percent,goals_scored,assists,minutes,clean_sheets,goals_conceded,own_goals,penalties_saved,penalties_missed,saves,yellow_cards,red_cards,bonus,influence,creativity,threat,ict_index,form,dreamteam_count,value_form,value_season,transfers_in,transfers_out,transfers_in_event,transfers_out_event,cost_change_start,cost_change_start_fall,cost_change_event,cost_change_event_fall,expected_goals,expected_assists,expected_goal_involvements,expected_goals_conceded,starts,tackles,clearances_blocks_interceptions,recoveries,defensive_contribution,defensive_contribution_per_90,news,influence_rank,influence_rank_type,creativity_rank,creativity_rank_type,threat_rank,threat_rank_type,ict_index_rank,ict_index_rank_type,corners_and_indirect_freekicks_order,corners_and_indirect_freekicks_text,direct_freekicks_order,direct_freekicks_text,penalties_order,penalties_text,expected_goals_per_90,saves_per_90,expected_assists_per_90,expected_goal_involvements_per_90,expected_goals_conceded_per_90,goals_conceded_per_90,now_cost_rank,now_cost_rank_type,form_rank,form_rank_type,points_per_game_rank,points_per_game_rank_type,selected_rank,selected_rank_type,starts_per_90,clean_sheets_per_90
Erling Haaland,Man City,FWD,15.5,239,0,6.8,75.0,27,8,2953,13,32,0,0,1,0,2,0,43,1180.4,320.1,1520.0,302.3,0.0,0,0.0,15.4,0,0,0,0,0.0,0.0,0.0,0.0,25.5,2.67,28.17,38.6,34,15,48,41,104,3.17,,2,1,111,6,1,1,2,1,,,,,1.0,,0.78,0.0,0.08,0.86,1.18,0.98,1,1,567,68,2,1,1,1,1.04,0.4
Bruno B.Fernandes,Man Utd,MID,12.0,235,0,6.7,48.6,9,24,3065,7,46,0,0,2,0,5,0,41,1258.0,1938.5,614.0,381.4,0.0,0,0.0,19.6,0,0,0,0,0.0,0.0,0.0,0.0,10.79,12.28,23.07,44.42,35,53,67,167,287,8.43,,1,1,1,1,29,15,1,1,4.0,,1.0,,1.0,,0.32,0.0,0.36,0.68,1.3,1.35,2,1,566,250,3,1,3,1,1.03,0.21
Gabriel Gabriel,Arsenal,DEF,8.0,209,0,6.5,25.8,3,5,2750,18,20,0,0,0,0,4,0,30,824.0,128.5,298.0,125.0,0.0,0,0.0,26.1,0,0,0,0,0.0,0.0,0.0,0.0,2.94,1.75,4.69,22.01,30,38,239,64,277,9.07,,25,9,219,61,101,15,80,18,,,,,,,0.1,0.0,0.06,0.16,0.72,0.65,9,1,558,186,4,1,7,1,0.98,0.59
Antoine Semenyo,Man City,MID,8.5,202,0,5.5,21.9,17,6,3200,12,52,0,0,1,0,7,0,18,923.2,607.4,1047.0,257.7,0.0,0,0.0,23.8,0,0,0,0,0.0,0.0,0.0,0.0,11.1,3.12,14.21,47.67,37,45,49,142,236,6.64,,10,2,32,31,4,1,5,4,,,,,3.0,,0.31,0.0,0.09,0.4,1.34,1.46,6,4,562,247,5,2,14,5,1.04,0.34
Morgan Gibbs-White,Nott'm Forest,MID,8.0,188,0,5.1,11.8,15,4,3101,10,45,0,0,0,0,1,0,18,843.8,747.7,836.0,242.5,0.0,0,0.0,23.5,0,0,0,0,0.0,0.0,0.0,0.0,10.81,2.91,13.72,49.7,35,20,48,110,178,5.17,,21,6,19,18,9,4,7,5,,,1.0,,2.0,,0.31,0.0,0.08,0.39,1.44,1.31,8,5,557,244,11,5,38,12,1.02,0.29
Declan Rice,Arsenal,MID,7.5,184,0,5.1,22.3,4,9,3093,18,25,0,0,0,0,3,0,23,827.2,1027.4,298.0,215.4,0.0,0,0.0,24.5,0,0,0,0,0.0,0.0,0.0,0.0,3.15,7.32,10.47,23.87,35,69,127,180,376,10.94,,24,8,4,4,100,63,14,11,5.0,,1.0,,,,0.09,0.0,0.21,0.3,0.69,0.73,13,8,546,238,9,4,13,4,1.02,0.52
Igor Thiago Thiago,Brentford,FWD,8.0,181,0,4.8,15.8,22,1,3282,10,50,0,0,1,0,7,0,22,1019.4,382.5,1170.0,256.9,0.0,0,0.0,22.6,0,0,0,0,0.0,0.0,0.0,0.0,20.6,1.83,22.43,53.17,37,37,84,93,214,5.87,,5,2,88,3,3,3,6,2,,,,,1.0,,0.56,0.0,0.05,0.61,1.46,1.37,12,4,561,66,15,3,27,5,1.01,0.27
Elliot Anderson,Man City,MID,6.5,180,0,4.7,11.9,4,5,3332,10,50,0,0,0,0,8,0,16,915.2,961.5,310.0,219.0,0.0,0,0.0,27.7,0,0,0,0,0.0,0.0,0.0,0.0,2.94,4.79,7.73,53.65,37,103,106,306,515,13.91,,11,3,6,6,95,60,12,9,,,,,,,0.08,0.0,0.13,0.21,1.45,1.35,36,24,518,216,21,10,37,11,1.0,0.27
Marc Guéhi,Man City,DEF,6.0,179,0,5.1,24.0,3,5,3150,14,35,0,0,0,0,6,0,14,901.6,304.6,402.0,160.9,0.0,0,0.0,29.8,0,0,0,0,0.0,0.0,0.0,0.0,4.05,2.37,6.42,44.58,35,46,232,139,278,7.94,,13,5,125,29,65,6,44,8,,,,,,,0.12,0.0,0.07,0.19,1.27,1.0,69,6,472,178,8,2,10,3,1.0,0.4
João Pedro João Pedro,Chelsea,FWD,7.5,177,0,5.1,54.7,15,9,2658,10,36,0,0,0,0,5,0,30,758.4,456.6,909.0,212.1,0.0,0,0.0,23.6,0,0,0,0,0.0,0.0,0.0,0.0,14.91,1.96,16.87,37.25,31,27,39,72,138,4.67,,35,3,59,1,6,5,15,4,,,,,,,0.5,0.0,0.07,0.57,1.26,1.22,19,7,552,63,10,2,2,2,1.05,0.34
Marcos Senesi,Spurs,DEF,6.0,175,0,4.7,10.9,0,6,3288,11,53,0,0,0,0,8,0,14,1114.4,367.8,201.0,168.6,0.0,0,0.0,29.2,0,0,0,0,0.0,0.0,0.0,0.0,1.53,4.72,6.25,54.77,37,62,357,155,419,11.47,,4,2,91,22,156,40,34,4,,,,,,,0.04,0.0,0.13,0.17,1.5,1.45,73,7,476,179,18,6,43,15,1.01,0.3
Virgil Virgil,Liverpool,DEF,6.5,175,0,4.6,16.3,6,1,3420,10,53,0,0,0,0,4,0,10,1169.4,215.9,490.0,187.6,0.0,0,0.0,26.9,0,0,0,0,0.0,0.0,0.0,0.0,3.77,1.44,5.21,47.63,38,23,329,87,352,9.26,,3,1,154,38,44,2,27,1,,,,,,,0.1,0.0,0.04,0.14,1.25,1.39,31,2,513,183,24,9,26,10,1.0,0.26
James Tarkowski,Everton,DEF,6.0,170,0,4.6,9.9,2,3,3330,11,48,0,0,0,0,8,0,12,995.6,235.6,422.0,165.7,0.0,0,0.0,28.3,0,0,0,0,0.0,0.0,0.0,0.0,2.53,2.1,4.63,53.54,37,51,325,90,376,10.16,,6,3,146,35,57,3,38,5,,,,,,,0.07,0.0,0.06,0.13,1.45,1.3,56,5,459,177,23,8,47,17,1.0,0.3
Morgan Rogers,Chelsea,MID,7.5,169,0,4.6,30.9,10,8,3280,9,48,0,0,0,0,7,0,17,746.2,706.2,871.0,232.0,0.0,0,0.0,22.5,0,0,0,0,0.0,0.0,0.0,0.0,6.84,4.32,11.16,51.55,37,42,49,139,230,6.31,,37,10,24,23,8,3,8,6,,,,,,,0.19,0.0,0.12,0.31,1.41,1.32,16,9,549,239,25,11,5,3,1.02,0.25
Harry Wilson,Leeds,MID,6.5,168,0,4.7,8.6,10,9,2674,9,38,0,0,0,0,7,0,21,707.2,661.1,601.0,196.9,0.0,0,0.0,25.8,0,0,0,0,0.0,0.0,0.0,0.0,5.88,4.77,10.65,40.14,32,29,66,82,177,5.96,,46,12,28,27,31,17,24,20,,,,,,,0.2,0.0,0.16,0.36,1.35,1.28,33,21,515,213,20,9,52,18,1.08,0.3
Ollie Watkins,Aston Villa,FWD,8.0,167,0,4.5,12.3,16,4,2833,9,38,0,0,0,0,4,0,26,720.2,330.9,1206.0,225.2,0.0,0,0.0,20.9,0,0,0,0,0.0,0.0,0.0,0.0,15.4,1.18,16.58,43.39,33,22,23,49,94,2.99,,42,4,107,5,2,2,11,3,,,,,2.0,,0.49,0.0,0.04,0.53,1.38,1.21,7,3,556,65,29,5,33,7,1.05,0.29
Adrien Truffert,Bournemouth,DEF,5.5,165,0,4.3,4.6,1,6,3378,11,51,0,0,0,0,5,0,19,857.0,574.2,194.0,162.6,0.0,0,0.0,30.0,0,0,0,0,0.0,0.0,0.0,0.0,1.35,3.07,4.42,54.42,38,102,199,188,301,8.02,,19,7,37,2,160,43,43,7,,,,,,,0.04,0.0,0.08,0.12,1.45,1.36,186,27,430,171,39,15,78,30,1.01,0.29
David Raya,Arsenal,GKP,6.0,162,0,4.4,30.7,0,0,3330,19,26,0,0,0,60,1,0,11,541.6,33.5,0.0,57.5,0.0,0,0.0,27.0,0,0,0,0,0.0,0.0,0.0,0.0,0.0,0.07,0.07,27.56,37,1,37,304,0,0.0,,96,16,304,3,558,63,229,16,,,,,,,0.0,1.62,0.0,0.0,0.74,0.7,60,1,463,63,32,3,6,1,1.0,0.51
Dominik Szoboszlai,Liverpool,MID,7.0,160,0,4.4,47.8,6,7,3232,9,52,0,0,1,0,8,1,21,867.8,1324.6,417.0,260.9,0.0,0,0.0,22.9,0,0,0,0,0.0,0.0,0.0,0.0,4.76,6.83,11.59,45.63,36,56,96,186,338,9.41,,18,5,2,2,58,34,4,3,4.0,,1.0,,2.0,,0.13,0.0,0.19,0.32,1.27,1.45,27,18,542,236,35,14,4,2,1.0,0.25
Nico O'Reilly,Man City,DEF,6.5,160,0,4.7,23.0,5,4,2643,14,25,0,0,0,0,5,0,10,653.8,413.9,573.0,164.1,0.0,0,0.0,24.6,0,0,0,0,0.0,0.0,0.0,0.0,6.12,2.67,8.79,34.97,29,67,105,108,172,5.86,,61,26,70,17,36,1,40,6,,,,,,,0.21,0.0,0.09,0.3,1.19,0.85,49,4,531,185,22,7,12,5,0.99,0.48
James Garner,Everton,MID,6.0,159,0,4.2,0.8,2,7,3413,11,50,0,0,0,0,12,0,13,887.0,958.0,237.0,208.4,0.0,0,0.0,26.5,0,0,0,0,0.0,0.0,0.0,0.0,2.1,6.18,8.28,56.18,38,119,154,185,458,12.08,Groin injury - Expected back 22 Aug,14,4,7,7,125,71,17,13,4.0,,1.0,,3.0,,0.06,0.0,0.16,0.22,1.48,1.32,75,48,478,187,42,18,203,69,1.0,0.29
Bukayo Saka,Arsenal,MID,9.5,157,0,5.1,10.6,7,10,2218,12,16,0,0,0,0,2,0,18,627.0,847.6,828.0,230.6,0.0,0,0.0,16.5,0,0,0,0,0.0,0.0,0.0,0.0,7.57,7.16,14.73,15.57,25,40,28,116,184,7.47,,68,20,12,11,11,6,10,8,6.0,,2.0,,1.0,,0.31,0.0,0.29,0.6,0.63,0.65,3,2,564,248,12,6,44,15,1.01,0.49
Enzo Enzo,Chelsea,MID,7.0,157,0,4.4,5.4,10,5,3114,8,46,0,0,0,0,10,0,19,835.6,1063.2,747.0,264.6,0.0,0,0.0,22.4,0,0,0,0,0.0,0.0,0.0,0.0,11.26,7.26,18.52,44.89,35,53,51,140,244,7.05,,23,7,3,3,20,9,3,2,7.0,,2.0,,2.0,,0.33,0.0,0.21,0.54,1.3,1.33,29,19,544,237,36,15,72,26,1.01,0.23
Matheus Matheus N.,Man City,DEF,6.0,154,0,4.5,5.0,1,8,2861,12,28,0,0,0,0,5,0,16,696.0,545.0,131.0,137.6,0.0,0,0.0,25.7,0,0,0,0,0.0,0.0,0.0,0.0,0.34,2.23,2.57,34.89,32,57,138,166,195,6.13,,48,20,42,4,205,55,66,12,,,,,5.0,,0.01,0.0,0.07,0.08,1.1,0.88,90,10,493,182,26,10,74,28,1.01,0.38
Bruno Bruno G.,Newcastle,MID,7.0,154,0,5.3,8.3,9,7,2456,6,37,0,0,0,0,6,0,22,782.4,756.7,488.0,202.9,0.0,0,0.0,22.0,0,0,0,0,0.0,0.0,0.0,0.0,5.59,4.96,10.55,31.99,27,62,55,134,251,9.2,,32,9,18,17,45,27,20,16,6.0,,2.0,,3.0,,0.2,0.0,0.18,0.38,1.17,1.36,24,15,539,233,7,3,54,19,0.99,0.22
Maxence Lacroix,Chelsea,DEF,6.0,154,0,4.4,12.0,1,2,3085,11,47,0,0,0,0,4,1,11,822.0,106.4,316.0,124.3,0.0,0,0.0,25.7,0,0,0,0,0.0,0.0,0.0,0.0,2.45,0.83,3.28,44.04,35,60,310,96,370,10.79,,28,10,236,74,89,11,82,19,,,,,,,0.07,0.0,0.02,0.09,1.28,1.37,80,8,483,180,33,12,35,13,1.02,0.32
Kiernan Dewsbury-Hall,Everton,MID,6.5,151,0,4.9,4.0,8,7,2629,8,39,0,0,0,0,6,0,18,619.4,601.1,438.0,166.0,0.0,0,0.0,23.2,0,0,0,0,0.0,0.0,0.0,0.0,4.35,5.34,9.69,40.38,30,52,44,134,230,7.87,,70,21,34,33,50,29,37,27,5.0,,,,,,0.15,0.0,0.18,0.33,1.38,1.34,37,25,519,217,14,7,84,27,1.03,0.27
Nordi Mukiele,Sunderland,DEF,5.5,151,0,4.7,7.7,3,5,2784,9,40,1,0,0,0,5,0,11,733.6,353.1,242.0,132.9,0.0,0,0.0,27.5,0,0,0,0,0.0,0.0,0.0,0.0,1.62,2.65,4.27,44.71,32,69,204,131,273,8.83,,38,15,97,24,123,23,72,15,,,,,,,0.05,0.0,0.09,0.14,1.45,1.29,130,14,374,158,16,4,59,24,1.03,0.29
Jurriën J.Timber,Arsenal,DEF,6.5,149,0,5.0,0.5,3,6,2452,13,20,0,0,0,0,5,0,9,499.0,402.6,352.0,125.7,0.0,0,0.0,22.9,0,0,0,0,0.0,0.0,0.0,0.0,4.71,1.53,6.24,17.45,28,66,82,97,148,5.43,Groin injury - Expected back 21 Aug,114,49,76,18,76,9,79,17,,,,,,,0.17,0.0,0.06,0.23,0.64,0.73,47,3,529,184,13,3,250,88,1.03,0.48
Bryan Mbeumo,Man Utd,MID,8.0,148,0,4.5,16.3,11,3,2611,8,37,0,0,0,0,4,0,16,628.8,803.1,882.0,231.4,0.0,0,0.0,18.5,0,0,0,0,0.0,0.0,0.0,0.0,11.98,4.99,16.97,35.87,31,25,23,91,139,4.79,,67,19,17,16,7,2,9,7,5.0,,2.0,,2.0,,0.41,0.0,0.17,0.58,1.24,1.28,11,7,560,246,30,13,25,7,1.07,0.28
Jan Paul Van Hecke,Spurs,DEF,5.0,148,0,4.1,8.2,3,3,3210,10,44,1,0,0,0,9,0,8,980.6,240.4,295.0,152.0,0.0,0,0.0,29.6,0,0,0,0,0.0,0.0,0.0,0.0,3.31,1.57,4.87,46.27,36,53,264,113,317,8.89,,7,4,143,34,102,16,50,9,,,,,,,0.09,0.0,0.04,0.13,1.3,1.23,305,60,284,140,45,17,55,20,1.01,0.28
Enzo E.Le Fée,Sunderland,MID,6.0,147,0,4.1,12.2,5,6,2930,10,43,0,0,1,0,5,0,16,725.8,816.4,324.0,186.9,0.0,0,0.0,24.5,0,0,0,0,0.0,0.0,0.0,0.0,5.22,5.95,11.17,46.5,33,89,77,153,319,9.8,,41,11,16,15,87,54,28,22,6.0,,2.0,,2.0,,0.16,0.0,0.18,0.34,1.43,1.32,94,59,497,198,48,22,34,10,1.01,0.31
Ryan Gravenberch,Liverpool,MID,6.0,144,0,4.0,1.9,5,5,2991,9,42,0,0,0,0,5,0,17,687.0,497.2,220.0,140.1,0.0,0,0.0,24.0,0,0,0,0,0.0,0.0,0.0,0.0,1.89,2.26,4.15,38.41,34,59,112,127,298,8.97,,50,13,50,44,140,80,58,37,,,,,,,0.06,0.0,0.07,0.13,1.16,1.26,83,53,486,192,59,26,130,40,1.02,0.27
Matheus Cunha,Man Utd,MID,8.0,143,0,4.3,14.6,10,4,2493,8,35,0,0,0,0,4,0,14,675.8,545.4,801.0,202.5,0.0,0,0.0,17.9,0,0,0,0,0.0,0.0,0.0,0.0,6.9,3.36,10.26,35.75,29,39,46,126,211,7.62,,54,15,41,38,17,8,22,18,,,,,,,0.25,0.0,0.12,0.37,1.29,1.26,10,6,559,245,40,17,29,8,1.05,0.29
Caoimhín Kelleher,Brentford,GKP,5.0,143,0,3.9,5.6,0,0,3330,10,49,0,3,0,109,1,0,11,913.8,23.0,0.0,93.8,0.0,0,0.0,28.6,0,0,0,0,0.0,0.0,0.0,0.0,0.0,0.22,0.22,53.48,37,1,48,301,0,0.0,,12,3,320,5,490,53,143,3,,,,,,,0.0,2.95,0.01,0.01,1.45,1.32,245,10,224,50,64,5,71,9,1.0,0.27
Dominic Calvert-Lewin,Leeds,FWD,6.0,142,0,4.1,20.4,14,2,2721,8,34,0,0,1,0,3,0,20,619.6,311.1,1026.0,194.7,0.0,0,0.0,23.7,0,0,0,0,0.0,0.0,0.0,0.0,15.57,1.06,16.62,35.74,30,10,49,46,105,3.47,,69,5,117,8,5,4,25,5,,,,,1.0,,0.51,0.0,0.04,0.55,1.18,1.12,63,16,466,46,47,6,16,4,0.99,0.26
Marcus Tavernier,Bournemouth,MID,6.0,137,0,4.0,1.8,7,4,2732,11,44,0,0,0,0,6,0,14,656.8,816.6,605.0,207.9,0.0,0,0.0,22.8,0,0,0,0,0.0,0.0,0.0,0.0,9.06,4.6,13.66,41.06,31,39,62,150,251,8.27,,60,17,15,14,30,16,19,15,6.0,,1.0,,3.0,,0.3,0.0,0.15,0.45,1.35,1.45,66,44,469,183,57,24,135,43,1.02,0.36
William Saliba,Arsenal,DEF,6.0,137,0,4.4,0.5,1,0,2614,15,20,0,0,0,0,2,0,12,552.6,201.0,90.0,84.3,0.0,0,0.0,22.8,0,0,0,0,0.0,0.0,0.0,0.0,0.88,1.21,2.09,20.41,30,35,158,113,193,6.64,Back injury - Unknown return date,92,41,167,41,245,76,164,57,,,,,,,0.03,0.0,0.04,0.07,0.7,0.69,88,9,491,181,34,13,258,92,1.03,0.52
Anton Stach,Leeds,MID,6.0,137,0,4.7,1.4,5,6,2369,7,36,0,0,0,0,3,0,14,650.0,921.4,315.0,188.8,0.0,0,0.0,22.8,0,0,0,0,0.0,0.0,0.0,0.0,2.88,4.47,7.35,34.05,28,65,81,120,266,10.11,,62,18,8,8,90,56,26,21,4.0,,1.0,,,,0.11,0.0,0.17,0.28,1.29,1.37,91,58,494,197,19,8,166,56,1.06,0.27
Dango O.Dango,Brentford,MID,6.5,136,0,4.2,1.3,7,8,2271,6,35,0,0,0,0,5,0,16,509.8,422.8,702.0,162.8,0.0,0,0.0,20.9,0,0,0,0,0.0,0.0,0.0,0.0,7.94,4.12,12.06,34.75,25,24,76,85,185,7.33,,112,38,65,50,23,10,42,29,8.0,,,,,,0.31,0.0,0.16,0.47,1.38,1.39,53,37,535,229,44,20,172,57,0.99,0.24
Alex Scott,Bournemouth,MID,6.0,136,0,3.7,1.6,3,2,2848,11,41,0,0,0,0,5,0,9,597.2,482.0,314.0,139.0,0.0,0,0.0,22.7,0,0,0,0,0.0,0.0,0.0,0.0,3.8,2.94,6.74,47.02,34,60,133,193,386,12.2,,77,25,53,46,91,57,63,41,7.0,,4.0,,,,0.12,0.0,0.09,0.21,1.49,1.3,98,63,501,202,81,35,151,49,1.07,0.35
Daniel Muñoz,Crystal Palace,DEF,5.5,136,0,4.7,11.9,4,4,2400,10,33,0,0,0,0,7,0,9,595.0,396.6,404.0,139.5,0.0,0,0.0,24.7,0,0,0,0,0.0,0.0,0.0,0.0,2.45,3.94,6.39,34.28,29,72,124,97,196,7.35,,79,33,79,19,63,5,62,10,,,,,,,0.09,0.0,0.15,0.24,1.29,1.24,150,18,394,162,17,5,36,14,1.09,0.38
Robin Roefs,Sunderland,GKP,5.0,136,0,3.9,5.3,0,0,3150,10,46,0,1,0,109,4,0,12,881.6,50.0,0.0,93.1,0.0,0,0.0,27.2,0,0,0,0,0.0,0.0,0.0,0.0,0.0,0.1,0.1,50.05,35,0,37,333,0,0.0,,16,5,283,2,521,60,146,4,,,,,,,0.0,3.11,0.0,0.0,1.43,1.31,326,18,305,58,66,6,73,10,1.0,0.29
Trevoh Chalobah,Chelsea,DEF,5.5,136,0,4.0,2.1,3,1,2780,9,40,0,0,0,0,3,1,7,719.2,111.2,160.0,99.1,0.0,0,0.0,24.7,0,0,0,0,0.0,0.0,0.0,0.0,1.44,1.03,2.47,40.83,31,35,230,119,265,8.58,,43,17,231,70,188,50,132,41,,,,,,,0.05,0.0,0.03,0.08,1.32,1.29,124,12,368,156,54,22,122,47,1.0,0.29
Rayan Cherki,Man City,MID,7.5,135,0,4.1,9.4,4,13,1772,8,18,0,0,0,0,1,0,16,604.2,996.6,579.0,218.1,0.0,0,0.0,18.0,0,0,0,0,0.0,0.0,0.0,0.0,4.28,8.87,13.14,25.23,19,26,16,93,135,6.86,,73,23,5,5,34,20,13,10,5.0,,1.0,,,,0.22,0.0,0.45,0.67,1.28,0.91,18,11,551,241,49,23,49,17,0.97,0.41
Tyrick Mitchell,Crystal Palace,DEF,4.5,135,0,3.6,7.1,1,3,3253,12,47,0,0,0,0,6,0,8,649.0,467.3,241.0,136.0,0.0,0,0.0,30.0,0,0,0,0,0.0,0.0,0.0,0.0,1.59,2.53,4.12,49.78,36,100,145,187,245,6.78,,64,28,56,9,124,24,70,14,,,,,,,0.04,0.0,0.07,0.11,1.38,1.3,431,110,124,83,85,33,62,25,1.0,0.33
Gianluigi Donnarumma,Man City,GKP,5.5,135,0,4.0,11.1,0,0,3060,15,29,0,1,0,78,8,0,5,666.6,10.3,2.0,68.0,0.0,0,0.0,24.5,0,0,0,0,0.0,0.0,0.0,0.0,0.0,0.13,0.13,38.5,34,0,42,236,0,0.0,,56,14,338,7,358,4,204,14,,,,,,,0.0,2.29,0.0,0.0,1.13,0.85,132,4,376,62,55,4,41,6,1.0,0.44
Mateus Fernandes,Spurs,MID,6.0,135,0,3.8,3.8,3,4,3017,8,50,0,0,0,0,7,0,7,657.2,622.8,183.0,146.3,0.0,0,0.0,22.5,0,0,0,0,0.0,0.0,0.0,0.0,1.99,2.96,4.95,48.3,35,103,84,182,369,11.01,,59,16,30,29,171,90,55,35,,,,,,,0.06,0.0,0.09,0.15,1.44,1.49,103,67,506,206,74,33,87,29,1.04,0.24
Jordan Pickford,Everton,GKP,5.5,135,0,3.6,9.0,0,0,3420,11,50,0,1,0,100,4,0,11,885.2,20.3,2.0,90.8,0.0,0,0.0,24.5,0,0,0,0,0.0,0.0,0.0,0.0,0.0,0.2,0.2,56.24,38,2,52,313,0,0.0,,15,4,323,6,357,3,149,5,,,,,,,0.0,2.63,0.01,0.01,1.48,1.32,114,2,358,60,92,9,50,7,1.0,0.29
Ethan Ampadu,Leeds,MID,5.5,134,0,3.8,1.4,1,4,3119,8,49,0,0,0,0,10,0,11,592.2,384.8,166.0,114.7,0.0,0,0.0,24.4,0,0,0,0,0.0,0.0,0.0,0.0,2.47,2.2,4.67,48.66,35,81,151,184,416,12.0,,80,26,86,64,181,99,97,56,,,,,,,0.07,0.0,0.06,0.13,1.4,1.41,128,80,372,125,72,32,164,55,1.01,0.23
Martín Zubimendi,Arsenal,MID,5.5,133,0,3.5,1.5,5,1,2991,16,25,0,0,0,0,4,0,9,603.2,385.1,271.0,126.2,0.0,0,0.0,24.2,0,0,0,0,0.0,0.0,0.0,0.0,2.84,2.27,5.11,26.09,34,68,123,116,307,9.24,,74,24,85,63,110,64,78,49,,,,,,,0.09,0.0,0.07,0.16,0.79,0.75,181,111,425,156,107,42,157,52,1.02,0.48
Phil Foden,Man City,MID,7.0,131,0,4.0,7.5,7,5,2078,11,19,0,0,0,0,4,0,13,583.2,918.8,520.0,201.9,0.0,0,0.0,18.7,0,0,0,0,0.0,0.0,0.0,0.0,6.03,4.76,10.79,27.38,23,34,24,102,160,6.93,,81,27,9,9,40,24,23,19,4.0,,3.0,,,,0.26,0.0,0.21,0.47,1.19,0.82,25,16,540,234,61,28,60,20,1.0,0.48
Michael Keane,Everton,DEF,5.0,131,0,4.0,1.5,3,1,2588,7,42,0,0,0,0,1,1,8,770.4,47.4,299.0,111.7,0.0,0,0.0,26.2,0,0,0,0,0.0,0.0,0.0,0.0,2.3,0.49,2.79,44.52,29,37,265,87,302,10.5,,33,13,288,97,99,14,104,28,,,,,,,0.08,0.0,0.02,0.1,1.55,1.46,223,35,202,115,50,18,156,57,1.01,0.24
Cody Gakpo,Liverpool,MID,7.0,131,0,3.6,3.5,7,5,2736,10,39,0,0,0,0,3,0,5,540.4,714.7,831.0,208.4,0.0,0,0.0,18.7,0,0,0,0,0.0,0.0,0.0,0.0,8.35,4.67,13.02,34.94,32,28,37,87,152,5.0,,97,29,23,22,10,5,18,14,5.0,,,,3.0,,0.27,0.0,0.15,0.42,1.15,1.28,26,17,541,235,96,41,91,31,1.05,0.33
Dean Henderson,Crystal Palace,GKP,5.0,131,0,3.5,3.1,0,0,3330,11,51,0,1,0,106,5,0,7,837.8,10.0,0.0,84.7,0.0,0,0.0,26.2,0,0,0,0,0.0,0.0,0.0,0.0,0.0,0.11,0.11,51.4,37,1,55,298,0,0.0,,22,6,343,12,489,52,160,7,,,,,,,0.0,2.86,0.0,0.0,1.39,1.38,239,9,218,49,100,10,101,18,1.0,0.3
Bart Verbruggen,Brighton,GKP,4.5,130,0,3.4,16.7,0,0,3420,10,46,1,1,0,106,3,0,6,935.0,10.0,0.0,94.7,0.0,0,0.0,28.9,0,0,0,0,0.0,0.0,0.0,0.0,0.0,0.06,0.06,49.06,38,1,32,332,0,0.0,,9,2,341,10,449,43,141,2,,,,,,,0.0,2.79,0.0,0.0,1.29,1.21,452,38,145,39,109,12,24,5,1.0,0.26
Nathan Collins,Brentford,DEF,5.5,129,0,3.7,2.0,1,2,2971,9,44,1,0,0,0,7,0,7,848.6,143.8,325.0,131.9,0.0,0,0.0,23.5,0,0,0,0,0.0,0.0,0.0,0.0,2.24,1.71,3.95,47.52,32,32,287,139,319,9.66,,20,8,206,54,86,10,73,16,,,,,,,0.07,0.0,0.05,0.12,1.44,1.33,155,19,399,163,79,32,123,48,0.97,0.27
Viktor Gyökeres,Arsenal,FWD,7.5,128,0,3.6,13.1,14,1,2217,12,14,0,0,0,0,5,0,16,539.6,271.7,772.0,157.5,0.0,0,0.0,17.1,0,0,0,0,0.0,0.0,0.0,0.0,12.26,1.94,14.19,17.81,26,7,23,55,85,3.45,,99,9,133,11,19,11,46,8,,,,,2.0,,0.5,0.0,0.08,0.58,0.72,0.57,15,6,548,62,97,10,31,6,1.06,0.49
Neco N.Williams,Nott'm Forest,DEF,5.0,128,0,3.5,13.3,2,3,3203,9,48,0,0,0,0,6,1,15,804.0,572.3,380.0,175.6,0.0,0,0.0,25.6,0,0,0,0,0.0,0.0,0.0,0.0,2.01,3.97,5.98,51.36,36,96,151,164,247,6.94,,30,11,38,3,70,7,32,3,5.0,,3.0,,,,0.06,0.0,0.11,0.17,1.44,1.35,259,43,238,123,101,40,30,12,1.01,0.25
Iliman Ndiaye,Everton,MID,6.0,128,0,4.0,17.2,6,3,2781,8,44,0,0,0,0,2,0,7,605.8,479.2,578.0,166.5,0.0,0,0.0,21.3,0,0,0,0,0.0,0.0,0.0,0.0,6.68,4.41,11.09,42.68,32,67,38,178,283,9.16,,72,22,54,47,35,21,36,26,,,,,1.0,,0.22,0.0,0.14,0.36,1.38,1.42,81,52,484,191,58,25,21,6,1.04,0.26
Chris Richards,Crystal Palace,DEF,5.0,128,0,3.9,0.8,1,0,2825,11,42,0,0,0,0,4,0,5,727.2,159.6,185.0,107.6,0.0,0,0.0,25.6,0,0,0,0,0.0,0.0,0.0,0.0,2.42,1.56,3.98,41.19,31,54,257,65,311,9.91,,40,16,196,51,167,47,109,31,,,,,,,0.08,0.0,0.05,0.13,1.31,1.34,283,51,262,131,65,25,206,74,0.99,0.35
Danny Welbeck,Chelsea,FWD,6.0,126,0,3.4,2.8,13,1,2249,10,28,0,0,2,0,5,0,18,578.8,309.7,803.0,168.2,0.0,0,0.0,21.0,0,0,0,0,0.0,0.0,0.0,0.0,12.36,1.4,13.76,31.68,26,24,39,49,112,4.48,,84,7,119,9,15,8,35,6,,,,,,,0.49,0.0,0.06,0.55,1.27,1.12,57,13,460,43,119,11,107,15,1.04,0.4
Malick Thiaw,Newcastle,DEF,5.0,126,0,3.6,2.1,4,0,2963,5,52,0,0,0,0,4,0,12,868.0,114.3,409.0,138.9,0.0,0,0.0,25.2,0,0,0,0,0.0,0.0,0.0,0.0,4.8,0.96,5.76,49.21,33,44,248,118,292,8.87,,17,6,228,67,61,4,64,11,,,,,,,0.15,0.0,0.03,0.18,1.49,1.58,303,58,282,138,88,35,120,45,1.0,0.15
Brenden Aaronson,Leeds,MID,5.5,126,0,3.4,0.7,4,8,2449,9,32,0,0,0,0,3,0,5,482.8,486.7,498.0,146.7,0.0,0,0.0,22.9,0,0,0,0,0.0,0.0,0.0,0.0,4.53,3.6,8.13,37.07,30,50,36,130,216,7.94,,119,42,51,45,43,26,54,34,,,3.0,,,,0.17,0.0,0.13,0.3,1.36,1.18,152,95,396,140,115,45,215,74,1.1,0.33
Florian Wirtz,Liverpool,MID,7.5,125,0,3.8,11.6,5,4,2374,10,32,0,0,0,0,1,0,17,526.4,908.2,665.0,210.0,0.0,0,0.0,16.7,0,0,0,0,0.0,0.0,0.0,0.0,6.83,5.14,11.96,33.99,27,34,26,116,176,6.67,,107,35,10,10,25,12,16,12,6.0,,2.0,,4.0,,0.26,0.0,0.19,0.45,1.29,1.21,20,12,553,242,75,34,39,13,1.02,0.38
Kevin Schade,Brentford,MID,6.0,125,0,3.6,2.3,8,5,2744,11,34,0,0,1,0,6,1,5,536.8,380.1,821.0,172.8,0.0,0,0.0,20.8,0,0,0,0,0.0,0.0,0.0,0.0,12.08,2.05,14.13,40.05,32,42,54,94,190,6.23,,100,31,89,66,12,7,33,25,,,,,2.0,,0.4,0.0,0.07,0.47,1.31,1.12,100,65,503,204,94,40,114,37,1.05,0.36
Hugo Ekitiké,Liverpool,FWD,7.5,125,0,4.5,0.2,11,4,1797,7,25,0,0,0,0,0,0,22,525.8,307.2,739.0,156.2,0.0,0,0.0,16.7,0,0,0,0,0.0,0.0,0.0,0.0,10.1,2.45,12.55,26.11,21,11,32,42,85,4.26,Achilles injury - Unknown return date,109,10,121,10,21,12,47,9,,,,,,,0.51,0.0,0.12,0.63,1.31,1.25,21,8,554,64,28,4,333,58,1.05,0.35
Omar Alderete,Sunderland,DEF,5.0,125,0,3.8,1.2,1,1,2797,10,40,0,0,0,0,6,0,5,749.0,138.1,279.0,117.0,0.0,0,0.0,25.0,0,0,0,0,0.0,0.0,0.0,0.0,1.62,0.91,2.52,44.52,32,32,280,103,312,10.04,,36,14,208,55,108,18,94,26,,,,,,,0.05,0.0,0.03,0.08,1.43,1.29,247,40,226,120,70,26,184,68,1.03,0.32
Pedro Neto,Chelsea,MID,6.5,125,0,3.7,1.3,5,7,2629,11,33,0,0,0,0,2,1,9,523.0,836.2,505.0,186.7,0.0,0,0.0,19.2,0,0,0,0,0.0,0.0,0.0,0.0,4.59,6.84,11.43,37.54,30,19,19,84,122,4.18,,110,36,14,13,41,25,29,23,6.0,,4.0,,,,0.16,0.0,0.23,0.39,1.29,1.13,42,29,524,221,83,37,175,59,1.03,0.38
Đorđe Petrović,Bournemouth,GKP,4.5,124,0,3.3,3.6,0,0,3420,11,54,1,0,0,109,3,0,5,822.6,0.0,0.0,82.4,0.0,0,0.0,27.6,0,0,0,0,0.0,0.0,0.0,0.0,0.0,0.0,0.0,56.72,38,0,62,285,0,0.0,,26,7,457,47,443,40,167,8,,,,,,,0.0,2.87,0.0,0.0,1.49,1.42,440,35,133,36,126,16,89,14,1.0,0.29
Granit Xhaka,Sunderland,MID,5.5,124,0,3.6,6.1,1,6,2901,9,39,0,0,0,0,8,0,8,685.0,595.3,101.0,138.1,0.0,0,0.0,22.5,0,0,0,0,0.0,0.0,0.0,0.0,1.01,3.73,4.74,45.68,32,50,134,178,362,11.23,,51,14,36,35,232,125,65,42,4.0,,1.0,,,,0.03,0.0,0.12,0.15,1.42,1.21,112,74,356,119,91,38,68,25,0.99,0.28
Joachim Andersen,Fulham,DEF,5.0,123,0,3.7,0.1,0,1,2882,8,45,0,0,0,0,7,1,8,790.6,131.0,148.0,107.0,0.0,0,0.0,24.6,0,0,0,0,0.0,0.0,0.0,0.0,1.43,1.83,3.26,44.88,33,45,284,114,329,10.27,Suspended until 29 Aug,31,12,215,59,195,53,112,33,,,,,,,0.04,0.0,0.06,0.1,1.4,1.41,240,39,219,119,78,31,476,165,1.03,0.25
Bernd Leno,Fulham,GKP,4.5,122,0,3.2,3.1,0,0,3420,9,51,1,0,0,98,3,0,8,816.2,0.0,0.0,81.5,0.0,0,0.0,27.1,0,0,0,0,0.0,0.0,0.0,0.0,0.0,0.02,0.02,52.73,38,4,46,318,0,0.0,,29,9,437,36,420,27,170,9,,,,,,,0.0,2.58,0.0,0.0,1.39,1.34,378,22,71,23,138,18,96,15,1.0,0.24
Emiliano Martinez,Aston Villa,GKP,5.0,120,0,3.8,4.6,0,1,2835,7,39,0,1,0,95,2,0,11,769.8,23.2,0.0,79.2,0.0,0,0.0,24.0,0,0,0,0,0.0,0.0,0.0,0.0,0.0,0.08,0.08,42.92,32,0,27,272,0,0.0,,34,10,319,4,482,50,175,10,,,,,,,0.0,3.02,0.0,0.0,1.36,1.24,222,7,201,47,69,7,79,12,1.02,0.22
Jérémy Doku,Man City,MID,7.5,120,0,4.0,6.4,5,8,1773,8,18,0,0,0,0,0,0,15,540.2,841.6,645.0,202.5,0.0,0,0.0,16.0,0,0,0,0,0.0,0.0,0.0,0.0,2.87,5.86,8.73,23.2,19,23,15,88,126,6.4,,98,30,13,12,27,13,21,17,,,,,4.0,,0.15,0.0,0.3,0.45,1.18,0.91,17,10,550,240,62,29,67,24,0.96,0.41
Richarlison Richarlison,Spurs,FWD,6.0,119,0,3.7,1.8,11,4,1954,7,27,0,0,0,0,5,0,17,602.6,239.6,815.0,165.2,0.0,0,0.0,19.8,0,0,0,0,0.0,0.0,0.0,0.0,8.64,1.46,10.1,25.64,20,27,60,60,147,6.77,,75,6,144,13,13,6,39,7,,,,,4.0,,0.4,0.0,0.07,0.47,1.18,1.24,71,18,474,48,80,7,138,21,0.92,0.32
Nikola Milenković,Nott'm Forest,DEF,5.5,119,0,3.1,2.2,0,1,3375,9,51,1,0,0,0,6,0,2,680.4,66.9,120.0,86.9,0.0,0,0.0,21.6,0,0,0,0,0.0,0.0,0.0,0.0,0.83,0.68,1.51,54.98,37,30,281,107,311,8.29,,53,23,266,88,217,62,154,51,,,,,,,0.02,0.0,0.02,0.04,1.47,1.36,144,17,388,161,160,66,117,44,0.99,0.24
Ferdi F.Kadıoğlu,Brighton,DEF,4.5,118,0,3.2,3.0,1,2,3130,10,41,0,0,0,0,6,0,7,505.0,444.8,284.0,123.7,0.0,0,0.0,26.2,0,0,0,0,0.0,0.0,0.0,0.0,2.06,3.31,5.37,44.61,34,57,113,130,170,4.89,,113,48,62,13,104,17,83,20,7.0,,,,,,0.06,0.0,0.1,0.16,1.28,1.18,421,103,114,76,141,55,104,39,0.98,0.29
Pedro Pedro Porro,Spurs,DEF,5.5,117,0,3.4,23.9,1,3,2793,9,40,0,0,0,0,10,0,8,690.2,881.7,202.0,177.5,0.0,0,0.0,21.3,0,0,0,0,0.0,0.0,0.0,0.0,1.05,4.37,5.42,37.75,32,76,142,132,218,7.02,,49,21,11,1,154,39,31,2,6.0,,1.0,,,,0.03,0.0,0.14,0.17,1.22,1.29,160,20,404,164,117,46,11,4,1.03,0.29
Matty Cash,Aston Villa,DEF,4.5,117,0,3.3,7.8,3,3,3016,8,38,0,0,0,0,9,0,7,643.0,510.7,221.0,137.5,0.0,0,0.0,26.0,0,0,0,0,0.0,0.0,0.0,0.0,1.14,2.94,4.08,45.45,34,66,120,88,186,5.55,,65,29,49,6,136,28,67,13,5.0,,,,,,0.03,0.0,0.09,0.12,1.36,1.13,406,91,99,64,125,48,57,22,1.01,0.24
Ismaïla Sarr,Crystal Palace,MID,6.5,117,0,4.2,10.1,9,2,2173,9,29,0,0,0,0,2,0,9,479.8,269.4,601.0,135.1,0.0,0,0.0,18.0,0,0,0,0,0.0,0.0,0.0,0.0,10.93,1.17,12.09,31.25,24,18,40,79,137,5.67,,121,43,134,91,32,18,71,44,,,,,2.0,,0.45,0.0,0.05,0.5,1.29,1.2,40,27,522,219,43,19,46,16,0.99,0.37
Yankuba Minteh,Brighton,MID,6.0,117,0,3.4,0.7,3,8,2389,11,33,0,0,0,0,3,0,9,491.8,691.4,617.0,180.3,0.0,0,0.0,19.5,0,0,0,0,0.0,0.0,0.0,0.0,3.81,5.06,8.87,34.09,26,56,33,96,185,6.97,,116,40,25,24,28,14,30,24,6.0,,,,,,0.14,0.0,0.19,0.33,1.28,1.24,105,68,508,207,121,49,213,73,0.98,0.41
Jake O'Brien,Everton,DEF,5.0,116,0,3.1,0.5,1,3,3118,10,46,0,0,0,0,6,1,2,582.8,282.9,206.0,107.5,0.0,0,0.0,23.2,0,0,0,0,0.0,0.0,0.0,0.0,1.67,1.0,2.67,53.49,35,57,174,114,231,6.67,,82,34,130,32,148,36,111,32,,,,,,,0.05,0.0,0.03,0.08,1.54,1.33,335,68,314,148,159,65,253,89,1.01,0.29
Daniel Ballard,Sunderland,DEF,5.0,116,0,4.0,3.3,2,2,2144,6,35,0,0,0,0,4,1,9,662.8,181.2,370.0,121.5,0.0,0,0.0,23.2,0,0,0,0,0.0,0.0,0.0,0.0,2.46,0.63,3.09,33.2,24,33,231,69,264,11.08,,57,24,183,47,72,8,86,22,,,,,,,0.1,0.0,0.03,0.13,1.39,1.47,268,49,247,129,52,20,93,35,1.01,0.25
Micky Van de Ven,Spurs,DEF,5.0,116,0,3.3,6.4,4,1,3041,9,50,0,0,0,0,9,1,10,683.4,95.2,218.0,99.6,0.0,0,0.0,23.2,0,0,0,0,0.0,0.0,0.0,0.0,2.82,0.38,3.2,42.99,35,38,174,121,212,6.27,,52,22,240,77,142,31,130,39,,,,,,,0.08,0.0,0.01,0.09,1.27,1.48,321,65,300,145,129,51,66,26,1.04,0.27
Keane Lewis-Potter,Brentford,MID,5.5,115,0,3.2,0.5,3,4,1960,9,32,0,0,0,0,1,0,5,378.2,332.2,353.0,106.4,0.0,0,0.0,20.9,0,0,0,0,0.0,0.0,0.0,0.0,3.01,2.51,5.52,33.74,22,23,51,96,74,3.4,,159,63,106,76,75,46,114,64,,,1.0,,,,0.14,0.0,0.12,0.26,1.55,1.47,151,94,395,139,148,58,254,86,1.01,0.41
Reece James,Chelsea,DEF,5.5,115,0,4.0,8.0,2,6,1957,8,20,0,0,0,0,4,0,11,459.0,483.7,116.0,106.1,0.0,0,0.0,20.9,0,0,0,0,0.0,0.0,0.0,0.0,1.04,3.2,4.24,28.75,20,48,80,101,128,5.89,,128,53,52,7,221,64,116,35,5.0,,1.0,,,,0.05,0.0,0.15,0.2,1.32,0.92,142,16,386,160,56,23,56,21,0.92,0.37
Francisco Evanilson Evanilson,Bournemouth,FWD,6.0,115,0,3.2,2.0,6,7,2741,11,40,0,0,0,0,2,0,6,350.6,397.9,809.0,155.5,0.0,0,0.0,19.2,0,0,0,0,0.0,0.0,0.0,0.0,10.64,1.48,12.12,39.02,32,13,42,80,135,4.43,,171,15,78,2,14,7,48,10,,,,,,,0.35,0.0,0.05,0.4,1.28,1.31,84,22,487,52,152,13,126,19,1.05,0.36
Jean-Philippe Mateta,Crystal Palace,FWD,6.5,114,0,3.6,7.1,12,0,2210,8,29,0,0,0,0,2,0,13,567.2,160.6,786.0,150.8,0.0,0,0.0,17.5,0,0,0,0,0.0,0.0,0.0,0.0,14.42,1.32,15.74,31.77,25,10,58,57,125,5.09,,87,8,191,18,18,10,51,11,,,,,1.0,,0.59,0.0,0.05,0.64,1.29,1.18,39,11,521,57,95,9,63,10,1.02,0.33
Igor Jesus Igor Jesus,Nott'm Forest,FWD,6.0,114,0,3.1,4.9,6,6,2293,9,37,0,0,0,0,2,0,13,420.6,240.7,726.0,136.4,0.0,0,0.0,19.0,0,0,0,0,0.0,0.0,0.0,0.0,6.48,1.26,7.74,38.77,28,24,38,61,123,4.83,,145,14,142,12,22,13,69,13,,,,,3.0,,0.25,0.0,0.05,0.3,1.52,1.45,93,24,496,54,162,15,75,11,1.1,0.35
Cole Palmer,Chelsea,MID,9.5,114,0,4.4,12.7,10,2,1954,3,33,0,0,1,0,5,0,11,536.6,393.6,547.0,147.7,0.0,0,0.0,12.0,0,0,0,0,0.0,0.0,0.0,0.0,10.55,2.49,13.04,31.13,24,25,27,83,135,6.22,,101,32,83,61,39,23,52,32,,,3.0,,1.0,,0.49,0.0,0.11,0.6,1.43,1.52,4,3,565,249,37,16,32,9,1.11,0.14
Rúben Rúben,Man City,DEF,5.5,113,0,4.3,1.4,2,0,2139,12,22,0,0,0,0,3,0,4,560.8,152.2,96.0,81.0,0.0,0,0.0,20.5,0,0,0,0,0.0,0.0,0.0,0.0,0.57,0.65,1.22,26.07,24,13,154,74,167,7.03,,89,38,205,53,237,73,172,60,,,,,,,0.02,0.0,0.03,0.05,1.1,0.93,120,11,364,155,38,14,168,61,1.01,0.5
Mikkel Damsgaard,Brentford,MID,5.5,113,0,3.4,0.7,4,4,2046,5,32,0,0,0,0,0,0,9,530.6,691.3,326.0,155.0,0.0,0,0.0,20.5,0,0,0,0,0.0,0.0,0.0,0.0,2.61,5.43,8.04,31.55,24,57,45,139,241,10.6,,106,34,26,25,85,53,49,31,6.0,,3.0,,,,0.11,0.0,0.24,0.35,1.39,1.41,159,100,403,145,116,46,225,77,1.06,0.22
Junior Kroupi.Jr,Bournemouth,MID,7.5,113,0,3.4,6.5,13,0,1663,10,21,0,0,0,0,5,0,13,532.2,306.9,563.0,139.9,0.0,0,0.0,15.1,0,0,0,0,0.0,0.0,0.0,0.0,8.31,1.51,9.82,25.91,21,9,42,61,112,6.06,Foot injury - Unknown return date,103,33,122,84,37,22,60,39,,,,,1.0,,0.45,0.0,0.08,0.53,1.4,1.14,22,13,555,243,123,51,65,23,1.14,0.54
Robert Sánchez,Chelsea,GKP,5.0,113,0,3.2,2.0,0,1,3040,9,49,0,0,0,98,3,1,7,822.2,50.0,0.0,86.7,0.0,0,0.0,22.6,0,0,0,0,0.0,0.0,0.0,0.0,0.0,0.04,0.04,48.64,35,2,27,302,0,0.0,,27,8,282,1,495,54,156,6,,,,,,,0.0,2.9,0.0,0.0,1.44,1.45,258,11,237,51,145,19,125,20,1.04,0.27
Michael Kayode,Brentford,DEF,4.5,113,0,3.1,4.2,1,2,3258,10,49,1,0,0,0,8,0,9,613.8,470.2,130.0,121.7,0.0,0,0.0,25.1,0,0,0,0,0.0,0.0,0.0,0.0,1.28,2.89,4.17,52.65,37,68,151,163,219,6.05,,71,30,55,8,207,57,84,21,,,,,,,0.04,0.0,0.08,0.12,1.45,1.35,493,137,186,110,157,64,82,33,1.02,0.28
Sepp Van den Berg,Brentford,DEF,5.0,113,0,3.5,0.7,0,3,2761,8,41,0,0,0,0,2,0,3,659.0,98.0,305.0,106.3,0.0,0,0.0,22.6,0,0,0,0,0.0,0.0,0.0,0.0,3.36,1.45,4.81,41.59,30,23,249,109,272,8.87,,58,25,239,76,97,13,115,34,,,,,,,0.11,0.0,0.05,0.16,1.36,1.34,292,55,271,135,103,42,219,80,0.98,0.26
Eberechi Eze,Arsenal,MID,6.5,113,0,3.4,3.3,7,3,1885,11,14,0,0,0,0,1,0,8,393.4,305.7,455.0,115.1,0.0,0,0.0,17.4,0,0,0,0,0.0,0.0,0.0,0.0,5.18,2.66,7.84,14.21,22,19,22,79,120,5.73,,156,61,123,85,47,28,95,54,,,3.0,,,,0.25,0.0,0.13,0.38,0.68,0.67,41,28,523,220,122,50,94,33,1.05,0.53
Luke Shaw,Man Utd,DEF,4.5,113,0,3.0,24.5,1,1,3220,10,45,0,0,0,0,9,0,3,560.2,314.8,97.0,97.4,0.0,0,0.0,25.1,0,0,0,0,0.0,0.0,0.0,0.0,0.72,1.98,2.69,44.9,38,75,149,105,224,6.26,,90,39,115,28,233,70,137,45,,,,,,,0.02,0.0,0.06,0.08,1.25,1.26,385,79,78,52,165,68,9,2,1.06,0.28
Adam Wharton,Crystal Palace,MID,5.5,112,0,3.3,0.2,1,6,2552,8,43,0,0,0,0,4,1,8,494.4,720.0,180.0,139.6,0.0,0,0.0,20.4,0,0,0,0,0.0,0.0,0.0,0.0,1.52,7.47,8.98,39.08,29,70,70,163,303,10.69,Ankle injury - 75% chance of playing,115,39,21,20,174,93,61,40,5.0,,,,,,0.05,0.0,0.26,0.31,1.38,1.52,187,115,431,160,132,54,348,133,1.02,0.28
Diogo Dalot,Man Utd,DEF,5.0,111,0,3.3,3.1,1,6,2609,7,40,0,0,0,0,5,0,9,535.8,458.5,202.0,119.6,0.0,0,0.0,22.2,0,0,0,0,0.0,0.0,0.0,0.0,1.93,2.57,4.5,36.57,29,53,127,135,180,6.21,,102,45,57,10,153,38,90,24,,,,,,,0.07,0.0,0.09,0.16,1.26,1.38,260,44,239,124,128,50,98,36,1.0,0.24
Benjamin Šeško,Man Utd,FWD,7.0,111,0,3.7,2.9,11,2,1630,2,30,0,0,0,0,2,0,19,483.8,156.1,803.0,143.4,0.0,0,0.0,15.9,0,0,0,0,0.0,0.0,0.0,0.0,9.21,0.28,9.48,27.05,17,5,20,39,64,3.53,Shin injury - 75% chance of playing,118,11,199,21,16,9,56,12,,,,,,,0.51,0.0,0.02,0.53,1.49,1.66,30,10,545,60,84,8,106,14,0.94,0.11
Trai Hume,Sunderland,DEF,4.5,110,0,2.9,1.9,2,1,3032,9,42,1,0,0,0,9,0,6,547.8,421.3,248.0,120.9,0.0,0,0.0,24.4,0,0,0,0,0.0,0.0,0.0,0.0,2.27,2.05,4.32,47.27,34,68,135,102,203,6.03,,94,43,68,15,116,20,88,23,5.0,,,,,,0.07,0.0,0.06,0.13,1.4,1.25,451,123,144,96,183,76,132,52,1.01,0.27
James Hill,Bournemouth,DEF,5.5,110,0,3.8,1.3,0,3,2102,8,24,2,0,0,0,5,0,4,579.4,161.7,119.0,86.3,0.0,0,0.0,20.0,0,0,0,0,0.0,0.0,0.0,0.0,0.89,1.16,2.04,33.42,22,39,221,74,260,11.13,,83,35,189,48,218,63,157,53,,,,,,,0.04,0.0,0.05,0.09,1.43,1.03,171,23,415,167,73,28,174,64,0.94,0.34
Moisés Caicedo,Chelsea,MID,5.5,110,0,3.3,3.8,3,1,2796,6,47,0,0,0,0,11,1,10,562.4,403.1,128.0,109.2,0.0,0,0.0,20.0,0,0,0,0,0.0,0.0,0.0,0.0,1.45,2.38,3.83,42.54,32,87,102,177,366,11.78,,88,28,75,57,208,115,107,62,,,,,,,0.05,0.0,0.08,0.13,1.37,1.51,184,113,428,158,131,53,88,30,1.03,0.19
Joe Rodon,Leeds,DEF,4.5,109,0,3.1,1.8,2,0,2952,6,53,0,0,0,0,3,0,5,707.2,137.3,242.0,109.1,0.0,0,0.0,24.2,0,0,0,0,0.0,0.0,0.0,0.0,1.4,0.56,1.96,48.54,33,37,237,85,274,8.35,,45,18,210,56,122,22,108,30,,,,,,,0.04,0.0,0.02,0.06,1.48,1.62,411,94,104,67,155,62,137,53,1.01,0.18
Riccardo Calafiori,Arsenal,DEF,5.5,109,0,4.2,15.1,1,2,1697,13,8,0,0,0,0,5,0,6,283.0,182.3,313.0,77.9,0.0,0,0.0,19.8,0,0,0,0,0.0,0.0,0.0,0.0,3.36,0.76,4.12,9.72,22,32,70,74,102,5.41,,211,80,182,46,93,12,178,62,,,,,,,0.18,0.0,0.04,0.22,0.52,0.42,174,24,418,168,41,16,28,11,1.17,0.69
Noah Okafor,Leeds,MID,6.0,109,0,3.9,0.7,8,3,1553,6,26,0,0,0,0,3,0,11,438.8,275.0,435.0,115.0,0.0,0,0.0,18.2,0,0,0,0,0.0,0.0,0.0,0.0,5.25,1.32,6.57,24.54,19,23,29,61,113,6.55,,135,48,131,89,52,31,96,55,,,,,,,0.3,0.0,0.08,0.38,1.42,1.51,79,51,482,190,67,30,212,72,1.1,0.35
Senne Lammens,Man Utd,GKP,5.0,109,0,3.4,20.1,0,0,2880,8,39,0,0,0,79,0,0,11,635.6,0.0,2.0,63.7,0.0,0,0.0,21.8,0,0,0,0,0.0,0.0,0.0,0.0,0.0,0.0,0.0,39.25,32,1,26,224,0,0.0,,66,15,517,61,355,2,213,15,,,,,,,0.0,2.47,0.0,0.0,1.23,1.22,302,16,281,56,113,15,17,3,1.0,0.25
Alexis Mac Allister,Liverpool,MID,5.5,108,0,2.9,1.9,2,5,2654,7,41,0,0,0,0,7,0,9,475.4,562.2,365.0,139.9,0.0,0,0.0,19.6,0,0,0,0,0.0,0.0,0.0,0.0,3.89,1.69,5.58,36.97,31,53,64,112,229,7.77,,123,44,40,37,73,44,59,38,,,,,5.0,,0.13,0.0,0.06,0.19,1.25,1.39,147,92,391,137,184,69,129,39,1.05,0.24
Pascal Struijk,Brighton,DEF,5.0,108,0,3.2,0.5,0,1,2935,7,48,0,0,0,0,5,0,4,697.4,161.5,272.0,113.1,0.0,0,0.0,21.6,0,0,0,0,0.0,0.0,0.0,0.0,3.06,0.76,3.82,42.92,33,39,258,117,297,9.11,,47,19,190,49,109,19,101,27,,,,,,,0.09,0.0,0.02,0.11,1.32,1.47,267,48,246,128,146,58,265,97,1.01,0.21
Nick Woltemade,Newcastle,FWD,6.0,108,0,3.3,1.7,8,4,1896,8,29,1,0,0,0,0,0,12,447.2,314.4,425.0,117.5,0.0,0,0.0,18.0,0,0,0,0,0.0,0.0,0.0,0.0,6.59,1.53,8.12,25.67,24,24,28,53,105,4.98,,130,12,116,7,56,21,93,15,,,,,1.0,,0.31,0.0,0.07,0.38,1.22,1.38,92,23,495,53,135,12,146,26,1.14,0.38
Harvey Barnes,Newcastle,MID,6.0,106,0,2.9,1.2,7,1,1951,5,31,0,0,0,0,1,0,9,404.0,387.5,682.0,147.0,0.0,0,0.0,17.7,0,0,0,0,0.0,0.0,0.0,0.0,6.84,2.72,9.56,30.3,19,13,20,67,100,4.61,,151,58,84,62,24,11,53,33,,,,,,,0.32,0.0,0.13,0.45,1.4,1.43,67,45,470,184,185,70,182,61,0.88,0.23
Matz Sels,Nott'm Forest,GKP,5.0,105,0,3.4,1.4,0,0,2667,7,39,0,1,0,95,2,0,3,730.0,10.0,0.0,74.0,0.0,0,0.0,21.0,0,0,0,0,0.0,0.0,0.0,0.0,0.0,0.06,0.06,45.12,30,1,26,197,0,0.0,,39,11,342,11,481,49,186,11,,,,,,,0.0,3.21,0.0,0.0,1.52,1.32,218,5,197,45,110,13,165,25,1.01,0.24
Norberto Bercique Beto,Everton,FWD,5.5,104,0,2.8,3.3,9,1,1551,5,19,0,0,0,0,3,0,15,445.8,159.8,655.0,124.5,0.0,0,0.0,18.9,0,0,0,0,0.0,0.0,0.0,0.0,8.9,0.23,9.13,24.16,17,14,49,26,89,5.16,,131,13,194,19,26,14,81,14,,,,,4.0,,0.52,0.0,0.01,0.53,1.4,1.1,183,41,427,38,198,19,95,13,0.99,0.29
Yehor Yarmoliuk,Brentford,MID,5.0,104,0,2.8,1.5,1,3,2652,8,42,0,0,0,0,7,0,1,445.0,273.0,117.0,83.4,0.0,0,0.0,20.8,0,0,0,0,0.0,0.0,0.0,0.0,1.22,1.39,2.61,40.31,30,69,83,186,338,11.47,,132,47,132,90,219,119,166,81,,,,,,,0.04,0.0,0.05,0.09,1.37,1.43,333,194,312,86,196,73,152,50,1.02,0.27
Calvin Bassey,Fulham,DEF,4.5,103,0,3.4,0.5,1,1,2532,7,40,0,0,0,0,5,0,9,574.0,152.2,115.0,84.5,0.0,0,0.0,22.9,0,0,0,0,0.0,0.0,0.0,0.0,1.71,0.35,2.05,38.01,28,62,143,119,205,7.29,,86,37,204,52,222,65,162,56,,,,,,,0.06,0.0,0.01,0.07,1.35,1.42,424,105,117,78,108,45,248,87,1.0,0.25
Alex Iwobi,Fulham,MID,5.5,103,0,3.6,0.9,4,3,2420,5,40,0,0,0,0,3,0,13,511.2,739.4,343.0,159.4,0.0,0,0.0,18.7,0,0,0,0,0.0,0.0,0.0,0.0,1.91,4.7,6.61,35.7,29,27,35,126,188,6.99,,111,37,20,19,79,48,45,30,4.0,,1.0,,2.0,,0.07,0.0,0.17,0.24,1.33,1.49,117,77,361,122,93,39,198,66,1.08,0.19
John McGinn,Aston Villa,MID,5.5,103,0,3.4,2.7,5,4,2136,8,28,0,0,0,0,5,0,6,459.8,605.3,309.0,137.3,0.0,0,0.0,18.7,0,0,0,0,0.0,0.0,0.0,0.0,3.0,4.11,7.11,33.08,28,29,32,89,150,6.32,,127,46,33,32,96,61,68,43,6.0,,,,,,0.13,0.0,0.17,0.3,1.39,1.18,116,76,360,121,114,44,108,35,1.18,0.34
Emiliano Buendía,Aston Villa,MID,6.0,102,0,2.8,0.8,6,2,1753,3,24,0,0,0,0,6,0,10,427.0,402.1,398.0,121.4,0.0,0,0.0,17.0,0,0,0,0,0.0,0.0,0.0,0.0,3.38,2.23,5.61,28.03,21,49,39,109,197,10.11,,144,55,77,58,67,40,87,51,,,1.0,,1.0,,0.17,0.0,0.11,0.28,1.44,1.23,65,43,468,182,199,75,204,70,1.08,0.15
Lewis Dunk,Brighton,DEF,4.5,100,0,3.0,0.7,1,1,2837,7,40,0,0,0,0,10,0,5,649.6,125.5,210.0,98.7,0.0,0,0.0,22.2,0,0,0,0,0.0,0.0,0.0,0.0,1.83,0.56,2.39,41.9,31,35,196,135,231,7.33,,63,27,221,62,144,33,133,42,,,2.0,,,,0.06,0.0,0.02,0.08,1.33,1.27,380,76,73,49,164,67,218,79,0.98,0.22
Ezri Konsa,Aston Villa,DEF,4.5,100,0,2.9,17.5,0,1,3035,9,44,0,0,0,0,0,1,3,601.4,108.3,124.0,84.0,0.0,0,0.0,22.2,0,0,0,0,0.0,0.0,0.0,0.0,1.27,0.59,1.86,48.93,34,22,174,108,196,5.81,,76,31,233,72,210,58,165,58,,,,,,,0.04,0.0,0.02,0.06,1.45,1.3,407,92,100,65,180,74,20,7,1.01,0.27
Jaka Bijol,Leeds,DEF,5.0,99,0,4.0,0.3,1,3,1888,5,26,0,0,0,0,4,0,6,531.8,84.5,243.0,86.0,0.0,0,0.0,19.8,0,0,0,0,0.0,0.0,0.0,0.0,0.9,0.75,1.65,31.48,21,25,194,63,219,10.44,,104,46,248,81,120,21,159,55,,,,,,,0.04,0.0,0.04,0.08,1.5,1.24,286,52,265,132,53,21,297,110,1.0,0.24
Yasin Ayari,Brighton,MID,5.5,98,0,3.4,0.5,3,4,1921,6,24,0,0,0,0,1,0,7,359.8,251.3,231.0,84.5,0.0,0,0.0,17.8,0,0,0,0,0.0,0.0,0.0,0.0,2.7,1.15,3.85,26.85,20,47,54,124,225,10.54,,169,67,137,94,131,75,163,80,8.0,,1.0,,,,0.13,0.0,0.05,0.18,1.26,1.12,193,120,437,165,118,47,249,84,0.94,0.28
Mathias Jensen,Brentford,MID,5.5,98,0,2.7,0.1,3,2,2239,9,33,0,0,0,0,3,0,1,435.6,632.7,201.0,126.9,0.0,0,0.0,17.8,0,0,0,0,0.0,0.0,0.0,0.0,2.21,6.06,8.27,35.72,26,40,62,118,220,8.84,,140,52,29,28,155,84,77,48,5.0,,2.0,,3.0,,0.09,0.0,0.24,0.33,1.44,1.33,135,84,379,129,209,81,398,155,1.05,0.36
Lucas Digne,Aston Villa,DEF,4.5,97,0,3.1,1.4,0,7,1842,7,23,0,0,0,0,3,0,5,400.2,455.5,130.0,98.5,0.0,0,0.0,21.6,0,0,0,0,0.0,0.0,0.0,0.0,0.67,3.28,3.95,27.79,21,36,77,63,113,5.52,,153,63,60,11,206,56,134,43,4.0,,,,,,0.03,0.0,0.16,0.19,1.36,1.12,382,78,75,51,154,61,169,62,1.03,0.34
Diego Gomez,Brighton,MID,5.0,97,0,3.0,1.8,5,1,2117,8,29,0,0,0,0,9,0,9,438.2,319.7,432.0,119.0,0.0,0,0.0,19.4,0,0,0,0,0.0,0.0,0.0,0.0,6.24,1.72,7.96,29.35,26,77,49,112,238,10.12,,136,49,112,80,55,33,91,53,,,4.0,,,,0.27,0.0,0.07,0.34,1.25,1.23,337,196,316,88,171,65,134,42,1.11,0.34
Jayden Bogle,Leeds,DEF,4.5,96,0,2.8,0.4,1,5,2795,6,44,0,0,0,0,6,0,1,436.0,346.1,218.0,100.3,0.0,0,0.0,21.3,0,0,0,0,0.0,0.0,0.0,0.0,2.08,3.11,5.19,39.93,32,66,112,133,178,5.73,,139,57,103,25,141,30,128,37,,,,,,,0.07,0.0,0.1,0.17,1.29,1.42,418,100,111,73,190,78,281,103,1.03,0.19
Malo Gusto,Chelsea,DEF,5.0,96,0,2.8,1.2,2,3,2255,7,36,1,0,0,0,3,1,7,443.6,448.5,205.0,109.8,0.0,0,0.0,19.2,0,0,0,0,0.0,0.0,0.0,0.0,1.56,2.97,4.53,37.13,26,52,74,123,126,5.03,,133,55,61,12,149,37,106,29,,,,,,,0.06,0.0,0.12,0.18,1.48,1.44,310,61,289,141,194,82,185,69,1.04,0.28
Nick Pope,Newcastle,GKP,5.0,96,0,3.6,1.1,0,1,2416,7,38,0,0,0,89,2,0,3,671.0,0.0,35.0,70.7,0.0,0,0.0,19.2,0,0,0,0,0.0,0.0,0.0,0.0,0.16,0.0,0.16,32.89,27,1,35,254,0,0.0,,55,13,488,55,293,1,197,13,,,,,,,0.01,3.32,0.0,0.01,1.23,1.42,221,6,200,46,86,8,190,27,1.01,0.26
Martin Dubravka,Spurs,GKP,4.0,96,0,2.7,24.6,0,0,3150,4,71,0,0,0,127,1,0,7,976.4,0.0,0.0,97.9,0.0,0,0.0,24.0,0,0,0,0,0.0,0.0,0.0,0.0,0.0,0.04,0.04,71.26,35,1,59,291,0,0.0,,8,1,382,18,363,9,135,1,,,,,,,0.0,3.63,0.0,0.0,2.04,2.03,505,48,5,5,202,23,8,2,1.0,0.11
Vitalii Mykolenko,Everton,DEF,4.5,95,0,2.9,1.4,0,1,2959,9,47,1,0,0,0,6,0,2,559.2,394.1,71.0,102.3,0.0,0,0.0,21.1,0,0,0,0,0.0,0.0,0.0,0.0,0.28,2.46,2.74,48.41,33,48,183,107,231,7.03,,91,40,81,20,260,83,124,36,,,,,,,0.01,0.0,0.07,0.08,1.47,1.43,417,99,110,72,181,75,170,63,1.0,0.27
Ryan Sessegnon,Fulham,DEF,4.5,95,0,3.5,0.4,3,3,1816,6,29,0,0,0,0,0,0,8,413.8,225.0,229.0,86.7,0.0,0,0.0,21.1,0,0,0,0,0.0,0.0,0.0,0.0,1.6,1.8,3.4,26.33,20,48,96,74,218,10.8,,147,60,150,36,133,26,155,52,,,,,,,0.08,0.0,0.09,0.17,1.3,1.44,402,87,95,60,98,38,289,105,0.99,0.3
Thierno Barry,Everton,FWD,5.5,95,0,2.5,0.9,8,0,1898,7,34,0,0,0,0,3,0,9,341.0,207.7,501.0,102.5,0.0,0,0.0,17.3,0,0,0,0,0.0,0.0,0.0,0.0,8.17,0.44,8.61,33.49,21,6,34,34,74,3.51,,177,16,160,14,42,16,123,18,,,,,2.0,,0.39,0.0,0.02,0.41,1.59,1.61,209,43,453,40,238,25,197,31,1.0,0.33
Patrick Dorgu,Man Utd,MID,6.0,95,0,3.7,1.9,4,4,1440,4,20,0,0,0,0,5,0,11,469.0,394.2,341.0,120.3,0.0,0,0.0,15.8,0,0,0,0,0.0,0.0,0.0,0.0,2.39,1.84,4.23,19.61,15,48,50,77,98,6.12,,125,45,80,59,80,49,89,52,,,,,,,0.15,0.0,0.12,0.27,1.23,1.25,106,69,509,208,82,36,133,41,0.94,0.25
James Justin,Leeds,DEF,4.5,94,0,3.2,0.5,2,1,1893,6,26,0,0,0,0,4,0,9,469.8,190.9,220.0,88.3,0.0,0,0.0,20.9,0,0,0,0,0.0,0.0,0.0,0.0,1.83,1.16,2.99,33.01,21,55,128,70,183,8.7,,124,51,177,43,137,29,151,49,,,,,,,0.09,0.0,0.06,0.15,1.57,1.24,414,97,107,70,140,54,262,95,1.0,0.29
Mats Wieffer,Brighton,DEF,5.0,94,0,3.6,0.3,2,4,1901,6,26,0,0,0,0,8,0,6,477.0,291.1,209.0,97.7,0.0,0,0.0,18.8,0,0,0,0,0.0,0.0,0.0,0.0,1.92,1.86,3.78,23.95,23,66,101,102,269,12.74,,122,50,128,31,146,34,136,44,,,,,,,0.09,0.0,0.09,0.18,1.13,1.23,304,59,283,139,89,36,305,112,1.09,0.28
Dan Burn,Newcastle,DEF,5.0,93,0,3.2,2.7,1,3,2195,6,36,0,0,0,0,9,1,5,525.8,107.3,186.0,82.1,0.0,0,0.0,18.6,0,0,0,0,0.0,0.0,0.0,0.0,1.08,0.36,1.44,30.15,25,40,185,76,225,9.23,,108,47,234,73,165,45,168,59,,,,,,,0.04,0.0,0.01,0.05,1.24,1.48,217,33,196,113,142,56,109,41,1.03,0.25
Tijjani Reijnders,Man City,MID,6.0,92,0,3.3,0.4,5,3,1623,7,18,0,0,0,0,2,0,6,340.0,347.8,435.0,111.2,0.0,0,0.0,15.3,0,0,0,0,0.0,0.0,0.0,0.0,4.61,2.35,6.96,18.82,19,10,32,58,100,5.55,,178,74,102,74,51,30,105,61,6.0,,4.0,,,,0.26,0.0,0.13,0.39,1.04,1.0,78,50,481,189,134,55,290,97,1.05,0.39
Brian Brobbey,Sunderland,FWD,6.0,92,0,3.0,21.1,7,2,1920,6,30,0,0,0,0,6,0,12,333.4,200.5,552.0,106.7,0.0,0,0.0,15.3,0,0,0,0,0.0,0.0,0.0,0.0,6.02,0.67,6.69,31.4,22,9,21,44,74,3.47,,184,18,168,16,38,15,113,17,,,,,,,0.28,0.0,0.03,0.31,1.47,1.41,82,21,485,51,176,16,15,3,1.03,0.28
Jack Hinshelwood,Brighton,MID,6.0,91,0,3.4,0.3,4,5,1736,7,23,1,0,0,0,0,0,2,312.6,228.0,412.0,94.8,0.0,0,0.0,15.2,0,0,0,0,0.0,0.0,0.0,0.0,4.94,2.34,7.28,27.83,20,18,35,61,114,5.91,,195,84,149,101,60,36,140,75,,,,,,,0.26,0.0,0.12,0.38,1.44,1.19,101,66,504,205,120,48,317,112,1.04,0.36
Alisson A.Becker,Liverpool,GKP,5.5,91,0,3.5,4.1,0,0,2340,8,31,0,0,0,57,1,0,8,479.8,0.1,0.0,47.8,0.0,0,0.0,16.5,0,0,0,0,0.0,0.0,0.0,0.0,0.0,0.03,0.03,29.58,26,0,37,229,0,0.0,,120,18,377,13,542,62,250,18,,,,,,,0.0,2.19,0.0,0.0,1.14,1.19,115,3,359,61,104,11,83,13,1.0,0.31
Amad Amad,Man Utd,MID,6.0,91,0,2.8,1.5,2,5,2339,6,33,0,0,0,0,2,0,7,436.6,596.1,600.0,163.5,0.0,0,0.0,15.2,0,0,0,0,0.0,0.0,0.0,0.0,5.46,4.74,10.2,31.69,27,38,48,112,198,7.62,,138,51,35,34,33,19,41,28,6.0,,,,,,0.21,0.0,0.18,0.39,1.22,1.27,96,61,499,200,200,76,154,51,1.04,0.23
Sander Berge,Fulham,MID,5.0,91,0,2.6,0.4,0,3,2904,8,45,1,0,0,0,5,0,3,437.8,365.1,105.0,91.0,0.0,0,0.0,18.2,0,0,0,0,0.0,0.0,0.0,0.0,1.54,1.5,3.04,43.09,34,57,91,132,280,8.68,,137,50,92,67,227,122,148,77,,,,,,,0.05,0.0,0.05,0.1,1.34,1.39,250,154,229,46,222,85,278,93,1.05,0.25
Cristian Romero,Spurs,DEF,5.0,91,0,4.0,1.1,4,1,1869,5,33,0,0,0,0,9,2,10,574.8,133.6,223.0,93.2,0.0,0,0.0,18.2,0,0,0,0,0.0,0.0,0.0,0.0,1.39,1.25,2.64,28.32,22,58,139,88,197,9.49,,85,36,212,57,135,27,145,48,,,,,,,0.07,0.0,0.06,0.13,1.36,1.59,264,46,243,126,51,19,187,70,1.06,0.24
Harry Maguire,Man Utd,DEF,5.0,90,0,3.9,7.7,1,2,1649,7,20,0,0,0,0,3,1,5,381.6,62.5,184.0,63.0,0.0,0,0.0,18.0,0,0,0,0,0.0,0.0,0.0,0.0,1.12,0.5,1.62,22.95,19,22,129,62,151,8.24,,158,64,273,92,169,48,215,69,,,,,,,0.06,0.0,0.03,0.09,1.25,1.09,220,34,199,114,63,24,58,23,1.04,0.38
Guglielmo Vicario,Spurs,GKP,4.5,90,0,2.9,1.5,0,0,2790,7,50,0,0,0,83,1,0,6,709.2,10.1,0.0,72.2,0.0,0,0.0,20.0,0,0,0,0,0.0,0.0,0.0,0.0,0.0,0.04,0.04,46.21,31,1,35,247,0,0.0,,44,12,339,8,431,35,194,12,,,,,,,0.0,2.68,0.0,0.0,1.49,1.61,401,30,94,31,179,21,153,22,1.0,0.23
Sven Botman,Newcastle,DEF,5.0,89,0,3.6,0.4,1,1,1834,5,27,1,0,0,0,2,0,6,597.0,85.8,190.0,87.4,0.0,0,0.0,17.8,0,0,0,0,0.0,0.0,0.0,0.0,1.73,0.86,2.59,27.58,21,21,195,89,216,10.6,,78,32,246,80,163,44,153,50,,,,,,,0.08,0.0,0.04,0.12,1.35,1.32,262,45,241,125,87,34,277,102,1.03,0.25
Ibrahim Sangaré,Nott'm Forest,MID,5.0,89,0,3.2,0.4,2,2,2073,8,26,0,0,0,0,5,0,2,434.4,205.9,126.0,76.8,0.0,0,0.0,17.8,0,0,0,0,0.0,0.0,0.0,0.0,1.16,1.8,2.96,33.17,25,58,95,114,267,11.59,,142,53,162,108,209,116,179,87,,,,,,,0.05,0.0,0.08,0.13,1.44,1.13,254,157,233,49,144,57,272,89,1.09,0.35
Callum Hudson-Odoi,Nott'm Forest,MID,6.0,88,0,2.9,0.0,3,4,1838,6,26,0,0,0,0,0,0,8,366.6,611.7,330.0,130.6,0.0,0,0.0,14.7,0,0,0,0,0.0,0.0,0.0,0.0,2.77,3.02,5.79,30.88,21,14,24,68,106,5.19,Thigh injury - 75% chance of playing,166,65,31,30,83,51,74,45,,,4.0,,,,0.14,0.0,0.15,0.29,1.51,1.27,70,46,473,185,186,71,527,219,1.03,0.29
Piero Hincapie,Arsenal,DEF,5.5,87,0,3.5,4.4,1,2,1787,5,19,1,0,0,0,2,0,7,453.6,184.7,72.0,70.9,0.0,0,0.0,15.8,0,0,0,0,0.0,0.0,0.0,0.0,0.36,1.67,2.03,17.53,20,48,123,63,171,8.61,,129,54,180,45,258,82,196,65,,,,,,,0.02,0.0,0.08,0.1,0.88,0.96,165,21,409,165,105,43,80,31,1.01,0.25
Georginio Georginio,Brighton,FWD,5.5,87,0,2.7,0.7,3,5,1776,7,20,1,0,0,0,2,0,2,338.6,349.5,448.0,113.5,0.0,0,0.0,15.8,0,0,0,0,0.0,0.0,0.0,0.0,2.9,2.9,5.8,21.59,20,32,38,61,131,6.64,,179,17,101,4,48,18,99,16,,,,,,,0.15,0.0,0.15,0.3,1.09,1.01,170,39,414,36,211,20,211,34,1.01,0.35
Rodrigo Bentancur,Spurs,MID,5.5,86,0,3.3,0.1,1,1,1880,8,25,0,0,0,0,7,0,4,349.0,197.8,124.0,67.4,0.0,0,0.0,15.6,0,0,0,0,0.0,0.0,0.0,0.0,0.72,0.84,1.56,23.65,23,56,91,131,278,13.31,,174,71,172,114,212,117,206,103,,,,,,,0.03,0.0,0.04,0.07,1.13,1.2,131,82,375,127,130,52,400,157,1.1,0.38
Joao Gomes,Aston Villa,MID,5.5,85,0,3.0,0.3,1,1,2207,4,41,0,0,0,0,9,0,4,486.6,353.4,176.0,102.0,0.0,0,0.0,15.5,0,0,0,0,0.0,0.0,0.0,0.0,1.15,1.34,2.49,48.6,25,107,87,193,387,15.78,,117,41,96,70,177,96,125,71,,,,,,,0.05,0.0,0.05,0.1,1.98,1.67,164,104,408,149,173,66,320,115,1.02,0.16
Milos Kerkez,Liverpool,DEF,5.5,85,0,2.5,6.0,2,1,2251,6,37,0,0,0,0,4,0,4,434.6,415.8,141.0,99.4,0.0,0,0.0,15.5,0,0,0,0,0.0,0.0,0.0,0.0,1.5,0.69,2.19,30.1,27,41,93,88,134,5.36,,141,58,69,16,197,54,131,40,,,,,,,0.06,0.0,0.03,0.09,1.2,1.48,198,29,442,173,237,97,69,27,1.08,0.24
Maxim De Cuyper,Brighton,DEF,4.5,84,0,2.8,1.5,2,3,1404,5,23,0,0,0,0,2,0,9,327.8,516.6,154.0,99.9,0.0,0,0.0,18.7,0,0,0,0,0.0,0.0,0.0,0.0,1.66,4.08,5.74,24.09,17,22,42,68,64,4.1,,187,72,47,5,193,52,129,38,,,3.0,,,,0.11,0.0,0.26,0.37,1.54,1.47,443,118,136,91,191,79,160,59,1.09,0.32
Murillo Murillo,Nott'm Forest,DEF,5.5,83,0,3.3,0.2,1,0,2130,6,29,2,0,0,0,5,0,3,542.2,115.5,82.0,74.0,0.0,0,0.0,15.1,0,0,0,0,0.0,0.0,0.0,0.0,0.73,0.47,1.2,32.99,25,35,188,102,223,9.42,Muscle injury - 75% chance of playing,95,44,226,65,249,78,187,63,,,2.0,,,,0.03,0.0,0.02,0.05,1.39,1.23,206,30,450,174,133,52,380,133,1.06,0.25
Chemsdine Talbi,Sunderland,MID,5.5,83,0,3.0,0.2,4,2,1553,7,14,0,0,0,0,0,0,6,238.8,211.5,245.0,69.1,0.0,0,0.0,15.1,0,0,0,0,0.0,0.0,0.0,0.0,2.13,1.18,3.3,22.26,16,11,20,61,92,5.33,,229,101,158,106,118,68,201,100,,,,,,,0.12,0.0,0.07,0.19,1.29,0.81,201,126,445,171,174,67,334,122,0.93,0.41
Omari Hutchinson,Nott'm Forest,MID,5.5,82,0,2.6,0.1,1,7,1676,6,24,0,0,0,0,1,0,3,333.6,527.1,356.0,121.6,0.0,0,0.0,14.9,0,0,0,0,0.0,0.0,0.0,0.0,2.01,3.87,5.88,24.42,17,22,20,87,129,6.93,,183,77,45,41,74,45,85,50,4.0,,,,,,0.11,0.0,0.21,0.32,1.31,1.29,192,119,436,164,227,87,384,147,0.91,0.32
Jacob J.Murphy,Newcastle,MID,6.0,82,0,2.5,0.2,3,2,1606,8,20,0,0,0,0,2,0,5,330.8,393.7,346.0,106.0,0.0,0,0.0,13.7,0,0,0,0,0.0,0.0,0.0,0.0,3.07,2.66,5.73,24.35,19,16,27,47,90,5.04,,186,79,82,60,78,47,117,65,,,,,,,0.17,0.0,0.15,0.32,1.36,1.12,59,40,462,179,239,93,367,137,1.06,0.45
Curtis C.Jones,Liverpool,MID,5.5,81,0,2.4,0.1,1,3,1923,3,37,0,0,0,0,2,0,6,407.4,412.1,227.0,104.6,0.0,0,0.0,14.7,0,0,0,0,0.0,0.0,0.0,0.0,2.21,2.77,4.98,31.44,18,40,53,144,237,11.09,,149,57,72,54,134,77,119,67,,,,,,,0.1,0.0,0.13,0.23,1.47,1.73,134,83,378,128,251,103,399,156,0.84,0.14
Kenny Tete,Fulham,DEF,4.5,81,0,3.7,0.2,1,0,1791,6,25,0,0,0,0,2,0,5,416.0,214.1,108.0,73.9,0.0,0,0.0,18.0,0,0,0,0,0.0,0.0,0.0,0.0,0.92,1.46,2.38,25.79,21,65,100,82,165,8.29,,146,59,155,39,224,66,188,64,,,,,,,0.05,0.0,0.07,0.12,1.3,1.26,398,85,91,58,77,30,378,132,1.06,0.3
Sandro Tonali,Spurs,MID,5.5,81,0,2.3,3.8,0,2,2534,7,38,0,0,0,0,4,0,2,398.0,534.1,198.0,113.4,0.0,0,0.0,14.7,0,0,0,0,0.0,0.0,0.0,0.0,1.75,2.87,4.62,36.19,31,35,75,147,257,9.13,,154,59,43,39,157,85,100,58,10.0,,4.0,,,,0.06,0.0,0.1,0.16,1.29,1.35,153,96,397,141,257,106,86,28,1.1,0.25
Emile Smith Rowe,Fulham,MID,5.5,80,0,2.2,0.4,3,1,1909,6,27,0,0,0,0,1,0,1,291.6,330.0,404.0,102.6,0.0,0,0.0,14.5,0,0,0,0,0.0,0.0,0.0,0.0,4.71,1.12,5.83,31.27,22,35,42,71,148,6.98,,204,91,109,78,62,37,122,70,,,,,,,0.22,0.0,0.05,0.27,1.47,1.27,136,85,380,130,271,116,285,96,1.04,0.28
Noah Sadiki,Sunderland,MID,5.0,80,0,2.4,0.4,0,2,2891,9,42,0,0,0,0,9,0,0,347.6,333.3,162.0,84.6,0.0,0,0.0,16.0,0,0,0,0,0.0,0.0,0.0,0.0,1.43,1.46,2.89,41.39,33,46,89,113,248,7.72,,175,72,105,75,187,103,161,79,,,,,,,0.04,0.0,0.05,0.09,1.29,1.31,359,215,338,107,249,102,275,92,1.03,0.28
Xavi Xavi,Spurs,MID,6.0,80,0,2.9,0.0,2,5,1747,4,36,0,0,0,0,5,1,7,349.6,533.8,255.0,113.9,0.0,0,0.0,13.3,0,0,0,0,0.0,0.0,0.0,0.0,3.06,3.85,6.91,30.71,19,34,28,87,149,7.68,Knee injury - Unknown return date,173,70,44,40,115,67,98,57,8.0,,2.0,,3.0,,0.16,0.0,0.2,0.36,1.58,1.85,97,62,500,201,187,72,546,236,0.98,0.21
Jack Grealish,Man City,MID,6.5,79,0,4.0,0.2,2,6,1627,7,23,0,0,0,0,3,1,12,374.2,520.5,397.0,129.2,0.0,0,0.0,12.2,0,0,0,0,0.0,0.0,0.0,0.0,2.05,3.37,5.41,25.81,18,20,27,88,135,7.47,Foot injury - 75% chance of playing,162,64,46,42,68,41,75,46,,,,,,,0.11,0.0,0.19,0.3,1.43,1.27,32,20,514,212,60,27,336,124,1.0,0.39
Lewis Hall,Newcastle,DEF,5.0,79,0,2.6,4.2,1,2,2176,4,39,0,0,0,0,4,0,4,550.2,433.6,196.0,118.0,0.0,0,0.0,15.8,0,0,0,0,0.0,0.0,0.0,0.0,1.01,2.78,3.79,37.72,24,54,119,134,173,7.16,,93,42,64,14,158,41,92,25,5.0,,1.0,,,,0.04,0.0,0.11,0.15,1.56,1.61,315,64,294,144,226,93,81,32,0.99,0.17
Joško Gvardiol,Man City,DEF,5.5,79,0,4.4,10.4,2,2,1370,6,13,0,0,0,0,2,0,5,369.0,109.5,218.0,69.8,0.0,0,0.0,14.4,0,0,0,0,0.0,0.0,0.0,0.0,2.25,0.7,2.95,16.05,16,17,86,49,103,6.77,,165,69,232,71,143,32,200,67,,,,,,,0.15,0.0,0.05,0.2,1.05,0.85,177,25,421,169,31,11,45,16,1.05,0.39
Djed Spence,Spurs,DEF,4.5,78,0,2.6,9.6,0,0,2049,9,31,0,0,0,0,4,0,3,291.0,209.7,207.0,70.5,0.0,0,0.0,17.3,0,0,0,0,0.0,0.0,0.0,0.0,0.9,1.77,2.67,31.42,23,44,72,112,116,5.1,,206,78,159,40,147,35,198,66,,,,,,,0.04,0.0,0.08,0.12,1.38,1.36,423,104,116,77,219,88,48,18,1.01,0.4
Pascal Groß,Brighton,MID,5.5,78,0,4.1,6.8,1,6,1636,6,17,0,0,0,0,2,0,10,397.2,668.2,220.0,128.5,0.0,0,0.0,14.2,0,0,0,0,0.0,0.0,0.0,0.0,1.39,3.95,5.34,20.36,18,29,40,76,145,7.98,,155,60,27,26,139,79,76,47,5.0,,,,1.0,,0.08,0.0,0.22,0.3,1.12,0.94,110,73,354,118,46,21,64,22,0.99,0.33
Mathys Tel,Spurs,MID,6.0,78,0,2.5,0.4,4,2,1334,3,23,0,0,0,0,1,0,7,303.4,457.2,312.0,107.6,0.0,0,0.0,13.0,0,0,0,0,0.0,0.0,0.0,0.0,2.47,2.43,4.89,17.29,13,20,19,72,111,7.49,,200,89,58,48,94,59,110,63,9.0,,,,,,0.17,0.0,0.16,0.33,1.17,1.55,99,64,502,203,241,95,274,91,0.88,0.2
Yéremy Yeremy,Crystal Palace,MID,5.5,77,0,2.3,0.2,2,2,2074,7,28,0,0,0,0,4,0,3,325.8,718.4,371.0,141.4,0.0,0,0.0,14.0,0,0,0,0,0.0,0.0,0.0,0.0,4.53,6.12,10.65,30.01,26,36,30,101,167,7.25,,189,80,22,21,71,43,57,36,6.0,,1.0,,,,0.2,0.0,0.27,0.47,1.3,1.22,185,114,429,159,259,107,358,135,1.13,0.3
Tyler Adams,Bournemouth,MID,5.0,77,0,3.1,0.7,2,2,1769,7,28,0,0,0,0,8,0,3,387.0,158.2,115.0,66.3,0.0,0,0.0,15.4,0,0,0,0,0.0,0.0,0.0,0.0,0.63,0.63,1.26,27.18,21,53,83,96,232,11.8,,157,62,197,126,223,121,208,105,,,,,,,0.03,0.0,0.03,0.06,1.38,1.42,246,151,225,43,158,60,220,76,1.07,0.36
William Osula,Newcastle,FWD,6.0,76,0,3.2,1.8,7,1,805,2,14,0,0,0,0,0,0,13,256.6,82.6,284.0,62.2,0.0,0,0.0,12.7,0,0,0,0,0.0,0.0,0.0,0.0,4.28,0.62,4.9,14.48,8,6,2,23,31,3.47,,222,21,252,29,105,25,218,24,,,,,2.0,,0.48,0.0,0.07,0.55,1.62,1.57,102,25,505,55,153,14,140,22,0.89,0.22
Kristoffer Ajer,Brentford,DEF,4.5,76,0,2.8,1.1,0,2,1805,5,32,0,0,0,0,4,0,1,401.4,59.1,165.0,62.7,0.0,0,0.0,16.9,0,0,0,0,0.0,0.0,0.0,0.0,0.69,0.73,1.42,31.51,20,37,155,59,192,9.57,,152,62,278,94,182,49,216,70,,,,,,,0.03,0.0,0.04,0.07,1.57,1.6,404,89,97,62,189,77,189,71,1.0,0.25
Jordan Henderson,Brentford,MID,5.0,76,0,2.4,0.0,1,3,1911,6,28,0,0,0,0,6,0,5,336.6,358.3,49.0,74.4,0.0,0,0.0,15.2,0,0,0,0,0.0,0.0,0.0,0.0,0.33,2.31,2.64,28.16,22,27,58,98,183,8.62,has departed the club as a free agent.,181,75,95,69,277,147,184,92,,,,,,,0.02,0.0,0.11,0.13,1.33,1.32,215,134,194,26,243,96,503,210,1.04,0.28
Amadou Onana,Aston Villa,MID,5.0,76,0,3.0,0.0,2,0,1755,6,26,0,0,0,0,3,0,4,413.2,152.6,178.0,74.4,0.0,0,0.0,15.2,0,0,0,0,0.0,0.0,0.0,0.0,1.68,0.69,2.37,28.53,21,48,99,72,219,11.23,Knee injury - Unknown return date,148,56,203,130,175,94,185,93,,,,,,,0.09,0.0,0.04,0.13,1.46,1.33,295,175,274,67,170,64,535,226,1.08,0.31
Jørgen Strand Larsen,Crystal Palace,FWD,6.0,75,0,2.1,0.6,4,1,2301,5,41,0,0,1,0,4,0,3,265.2,203.1,469.0,91.5,0.0,0,0.0,12.5,0,0,0,0,0.0,0.0,0.0,0.0,5.3,1.12,6.42,36.03,26,9,49,37,95,3.72,,218,20,165,15,46,17,147,19,,,,,,,0.21,0.0,0.04,0.25,1.41,1.6,77,20,480,50,280,28,238,42,1.02,0.2
Mohammed Kudus,Spurs,MID,6.5,75,0,3.9,0.2,2,6,1535,7,20,0,0,0,0,3,0,7,333.4,413.8,302.0,104.7,0.0,0,0.0,11.5,0,0,0,0,0.0,0.0,0.0,0.0,1.92,2.41,4.33,22.74,19,29,9,95,133,7.8,Thigh injury - 75% chance of playing,185,78,71,53,98,62,118,66,7.0,,3.0,,2.0,,0.11,0.0,0.14,0.25,1.33,1.17,48,34,530,226,68,31,324,116,1.11,0.41
Reinildo Reinildo,Sunderland,DEF,4.5,74,0,3.0,0.5,0,2,1966,6,27,0,0,0,0,7,1,6,376.4,130.2,39.0,54.7,0.0,0,0.0,16.4,0,0,0,0,0.0,0.0,0.0,0.0,0.13,0.62,0.75,26.72,23,39,125,90,164,7.51,,160,65,217,60,285,95,236,74,,,,,,,0.01,0.0,0.03,0.04,1.22,1.24,434,113,127,86,168,71,256,91,1.05,0.27
Wilson Isidor,Sunderland,FWD,5.5,74,0,2.3,1.3,6,1,1148,4,17,0,0,0,0,1,0,7,242.0,30.4,444.0,71.5,0.0,0,0.0,13.5,0,0,0,0,0.0,0.0,0.0,0.0,4.7,0.38,5.08,19.82,11,11,17,23,51,4.0,,225,22,310,39,49,19,195,21,,,,,,,0.37,0.0,0.03,0.4,1.55,1.33,157,36,401,33,258,27,177,28,0.86,0.31
Martin Ødegaard,Arsenal,MID,6.5,74,0,3.1,3.0,1,7,1363,6,13,0,0,0,0,0,0,5,311.8,564.4,168.0,104.4,0.0,0,0.0,11.4,0,0,0,0,0.0,0.0,0.0,0.0,1.25,3.65,4.9,16.2,16,19,13,70,102,6.74,,196,85,39,36,180,98,120,68,8.0,,,,3.0,,0.08,0.0,0.24,0.32,1.07,0.86,35,23,517,215,163,62,103,34,1.06,0.4
Vitaly Janelt,Brentford,MID,5.0,74,0,3.0,0.1,1,4,1434,5,21,0,0,0,0,8,0,6,350.4,351.8,97.0,79.0,0.0,0,0.0,14.8,0,0,0,0,0.0,0.0,0.0,0.0,0.82,2.27,3.09,26.62,15,27,71,85,183,11.49,,172,69,99,72,234,126,176,85,7.0,,,,,,0.05,0.0,0.14,0.19,1.67,1.32,249,153,228,45,169,63,412,164,0.94,0.31
Kobbie Mainoo,Man Utd,MID,5.5,73,0,2.6,1.3,1,2,1653,6,22,0,0,0,0,2,0,2,365.0,360.1,94.0,82.1,0.0,0,0.0,13.3,0,0,0,0,0.0,0.0,0.0,0.0,0.48,1.27,1.75,22.88,16,36,56,95,187,10.18,,167,66,94,68,240,128,169,82,,,,,,,0.03,0.0,0.07,0.1,1.25,1.2,195,122,439,167,228,88,173,58,0.87,0.33
Lukas Nmecha,Leeds,FWD,5.5,73,0,2.4,0.6,6,1,1065,3,23,0,0,1,0,0,0,8,290.4,153.5,434.0,87.8,0.0,0,0.0,13.3,0,0,0,0,0.0,0.0,0.0,0.0,7.25,1.58,8.83,21.84,10,12,15,30,57,4.82,,207,19,202,22,54,20,152,20,,,,,2.0,,0.61,0.0,0.13,0.74,1.85,1.94,122,31,366,28,250,26,232,40,0.85,0.25
Joelinton Cássio Joelinton,Newcastle,MID,5.5,73,0,2.7,0.0,2,1,1950,5,27,0,0,0,0,10,0,2,324.4,296.3,329.0,95.0,0.0,0,0.0,13.3,0,0,0,0,0.0,0.0,0.0,0.0,2.36,1.35,3.71,28.75,23,43,73,122,238,10.98,Thigh injury - 75% chance of playing,191,82,126,87,84,52,139,74,,,,,,,0.11,0.0,0.06,0.17,1.33,1.25,125,78,369,123,208,80,544,234,1.06,0.23
Lewis L.Miley,Newcastle,MID,5.5,72,0,3.1,0.0,1,4,1493,2,22,0,0,0,0,0,0,5,342.6,251.4,136.0,73.0,0.0,0,0.0,13.1,0,0,0,0,0.0,0.0,0.0,0.0,1.36,2.1,3.46,21.22,15,29,57,69,155,9.34,Leg injury - Expected back 30 Aug,176,73,136,93,201,111,191,96,7.0,,,,,,0.08,0.0,0.13,0.21,1.28,1.33,200,125,444,170,161,61,555,243,0.9,0.12
Jaydee Canvot,Crystal Palace,DEF,5.0,72,0,3.6,0.6,0,0,1331,5,23,0,0,0,0,3,0,9,362.4,63.8,56.0,48.1,0.0,0,0.0,14.4,0,0,0,0,0.0,0.0,0.0,0.0,1.48,0.33,1.81,23.84,14,40,129,54,169,11.43,,168,70,271,90,272,87,248,80,,,,,,,0.1,0.0,0.02,0.12,1.61,1.56,370,74,349,154,90,37,237,84,0.95,0.34
Noni Madueke,Arsenal,MID,6.5,72,0,2.8,0.4,3,1,1205,8,9,0,0,0,0,0,0,9,257.4,352.8,404.0,101.3,0.0,0,0.0,11.1,0,0,0,0,0.0,0.0,0.0,0.0,1.23,2.86,4.09,12.77,16,21,14,35,70,5.23,,221,98,98,71,64,38,126,72,7.0,,,,,,0.09,0.0,0.21,0.3,0.95,0.67,43,30,525,222,201,77,284,95,1.2,0.6
Pape Matar P.M.Sarr,Spurs,MID,5.0,71,0,2.7,0.4,2,4,1388,3,23,0,0,0,0,3,0,2,336.0,188.3,156.0,68.2,0.0,0,0.0,14.2,0,0,0,0,0.0,0.0,0.0,0.0,1.63,1.11,2.74,26.67,13,32,74,77,183,11.87,,182,76,178,119,191,105,203,101,,,,,,,0.11,0.0,0.07,0.18,1.73,1.49,309,181,288,73,206,79,280,94,0.84,0.19
Karl Darlow,Man Utd,GKP,4.5,71,0,3.2,0.1,0,0,1980,5,27,0,0,0,63,1,0,3,531.4,0.0,0.0,53.4,0.0,0,0.0,15.8,0,0,0,0,0.0,0.0,0.0,0.0,0.0,0.05,0.05,28.36,22,1,30,202,0,0.0,Unspecified injury - 75% chance of playing,105,17,435,34,418,25,238,17,,,,,,,0.0,2.86,0.0,0.0,1.29,1.23,376,20,69,21,137,17,482,58,1.0,0.23
Jefferson Lerma,Crystal Palace,MID,5.0,69,0,2.2,0.1,0,5,1722,7,25,2,0,0,0,7,0,3,287.6,207.2,233.0,72.5,0.0,0,0.0,13.8,0,0,0,0,0.0,0.0,0.0,0.0,1.84,1.48,3.32,25.11,18,28,90,102,220,11.5,,209,93,161,107,129,74,193,98,,,,,,,0.1,0.0,0.08,0.18,1.31,1.31,231,140,210,32,265,110,419,166,0.94,0.37
Rodrigo 'Rodri' Rodrigo,Man City,MID,6.5,69,0,3.3,0.1,1,1,1510,5,15,0,0,0,0,3,0,6,358.0,421.5,122.0,90.3,0.0,0,0.0,10.6,0,0,0,0,0.0,0.0,0.0,0.0,1.15,2.45,3.6,20.74,17,42,57,107,206,12.28,Back injury - Unknown return date,170,68,67,52,214,118,150,78,,,,,,,0.07,0.0,0.15,0.22,1.24,0.89,38,26,520,218,136,56,424,168,1.01,0.3
Gabriel Gudmundsson,Leeds,DEF,4.5,68,0,2.1,0.5,0,0,2637,5,45,1,0,0,0,4,1,8,442.6,363.7,158.0,96.4,0.0,0,0.0,15.1,0,0,0,0,0.0,0.0,0.0,0.0,1.1,2.89,3.98,41.06,31,65,119,112,184,6.28,,134,56,93,23,189,51,138,46,,,,,,,0.04,0.0,0.1,0.14,1.4,1.54,429,108,122,81,275,105,259,93,1.06,0.17
Youri Tielemans,Man Utd,MID,6.0,68,0,2.7,0.9,0,4,1857,4,27,0,0,0,0,0,0,3,432.0,513.6,184.0,113.1,0.0,0,0.0,11.3,0,0,0,0,0.0,0.0,0.0,0.0,1.14,3.26,4.4,31.34,21,58,51,94,203,9.84,Hamstring injury - 75% chance of playing,143,54,48,43,170,89,102,59,,,,,3.0,,0.06,0.0,0.16,0.22,1.52,1.31,62,41,465,180,215,84,199,67,1.02,0.19
Tim Iroegbunam,Everton,MID,5.0,68,0,2.3,0.1,0,3,1477,8,18,0,0,0,0,9,0,1,255.0,125.2,81.0,45.9,0.0,0,0.0,13.6,0,0,0,0,0.0,0.0,0.0,0.0,0.54,0.71,1.25,24.64,17,68,43,78,189,11.52,,223,99,222,136,250,133,258,125,,,,,,,0.03,0.0,0.04,0.07,1.5,1.1,318,185,297,77,256,105,474,191,1.04,0.49
Amine Adli,Bournemouth,MID,5.0,67,0,2.2,0.2,3,2,1074,3,17,0,0,0,0,2,0,4,272.6,235.9,260.0,76.1,0.0,0,0.0,13.4,0,0,0,0,0.0,0.0,0.0,0.0,2.6,1.62,4.22,18.22,10,36,26,61,123,10.31,,216,95,145,98,113,66,180,88,,,,,,,0.22,0.0,0.14,0.36,1.53,1.42,317,184,296,76,269,114,349,134,0.84,0.25
Rayan Vitor Rayan,Bournemouth,MID,6.5,67,0,4.5,3.4,5,2,1110,6,10,0,0,0,0,1,0,3,277.6,211.9,263.0,75.3,0.0,0,0.0,10.3,0,0,0,0,0.0,0.0,0.0,0.0,2.67,1.84,4.51,19.14,13,11,28,43,82,6.65,,213,94,157,105,112,65,182,90,,,,,,,0.22,0.0,0.15,0.37,1.55,0.81,50,35,532,227,27,12,92,32,1.05,0.49
Saša Lukić,Fulham,MID,5.0,67,0,2.6,0.1,1,4,1730,6,22,0,0,0,0,9,0,4,317.6,441.6,176.0,93.4,0.0,0,0.0,13.4,0,0,0,0,0.0,0.0,0.0,0.0,2.23,1.91,4.14,27.64,20,49,63,71,183,9.52,,194,83,63,49,176,95,144,76,5.0,,2.0,,,,0.12,0.0,0.1,0.22,1.44,1.14,255,158,234,50,223,86,464,186,1.04,0.31
Daichi Kamada,Crystal Palace,MID,5.0,67,0,2.4,0.3,0,2,1899,6,28,0,0,0,0,3,0,0,239.2,350.1,155.0,74.5,0.0,0,0.0,13.4,0,0,0,0,0.0,0.0,0.0,0.0,1.64,3.24,4.88,26.04,22,62,38,108,208,9.86,,228,100,100,73,192,106,183,91,8.0,,,,,,0.08,0.0,0.15,0.23,1.23,1.33,253,156,232,48,245,98,319,114,1.04,0.28
Abdukodir Khusanov,Man City,DEF,5.5,67,0,3.2,2.0,0,0,1427,6,13,0,0,0,0,2,0,3,299.0,112.2,26.0,43.9,0.0,0,0.0,12.2,0,0,0,0,0.0,0.0,0.0,0.0,0.65,1.21,1.86,20.89,15,27,96,75,123,7.76,,202,76,230,69,305,105,261,86,,,,,,,0.04,0.0,0.08,0.12,1.32,0.82,208,31,452,175,151,60,124,49,0.95,0.38
Mikel Merino,Arsenal,MID,6.0,67,0,3.0,1.2,4,3,1024,4,10,0,0,0,0,1,0,5,304.4,191.8,244.0,73.6,0.0,0,0.0,11.2,0,0,0,0,0.0,0.0,0.0,0.0,3.36,1.45,4.81,7.36,10,26,30,57,113,9.93,,199,88,176,118,119,69,189,94,,,,,,,0.3,0.0,0.13,0.43,0.65,0.88,64,42,467,181,175,68,181,60,0.88,0.35
Tanaka Tanaka,Leeds,MID,5.0,67,0,2.4,0.3,2,1,1307,3,22,0,0,0,0,1,0,4,224.2,307.6,104.0,63.6,0.0,0,0.0,13.4,0,0,0,0,0.0,0.0,0.0,0.0,1.44,1.39,2.83,21.49,14,27,38,82,147,10.12,,236,106,120,83,228,123,214,109,6.0,,,,,,0.1,0.0,0.1,0.2,1.48,1.51,281,169,260,61,246,99,318,113,0.96,0.21
Ola Aina,Nott'm Forest,DEF,4.5,67,0,3.7,4.8,0,2,1587,6,19,0,0,0,0,3,0,5,285.2,160.3,58.0,50.5,0.0,0,0.0,14.9,0,0,0,0,0.0,0.0,0.0,0.0,0.41,0.84,1.25,25.31,18,31,99,81,130,7.37,,210,79,193,50,271,86,242,76,,,,,,,0.02,0.0,0.05,0.07,1.44,1.08,396,83,89,56,76,29,76,29,1.02,0.34
Brennan Johnson,Crystal Palace,MID,6.0,65,0,1.9,0.2,2,1,1710,6,24,0,0,0,0,6,0,2,223.4,311.1,230.0,75.8,0.0,0,0.0,10.8,0,0,0,0,0.0,0.0,0.0,0.0,2.45,1.31,3.76,28.29,19,29,37,55,121,6.37,,237,107,118,82,132,76,181,89,,,2.0,,,,0.13,0.0,0.07,0.2,1.49,1.26,76,49,479,188,297,129,382,145,1.0,0.32
Habib Diarra,Sunderland,MID,5.5,65,0,3.2,0.1,2,6,1403,5,19,0,0,0,0,6,0,3,166.2,153.8,234.0,53.9,0.0,0,0.0,11.8,0,0,0,0,0.0,0.0,0.0,0.0,3.27,0.85,4.12,21.52,15,14,17,48,79,5.07,,266,122,201,129,127,72,237,122,,,,,1.0,,0.21,0.0,0.05,0.26,1.38,1.22,199,124,443,169,150,59,408,162,0.96,0.32
Antonee Robinson,Fulham,DEF,4.5,65,0,3.0,2.9,1,0,1487,4,19,0,0,0,0,5,0,7,375.0,334.6,82.0,79.3,0.0,0,0.0,14.4,0,0,0,0,0.0,0.0,0.0,0.0,1.07,1.58,2.65,24.12,17,48,88,98,136,8.23,,161,66,104,26,248,77,174,61,,,,,1.0,,0.06,0.0,0.1,0.16,1.46,1.15,399,86,92,59,166,69,105,40,1.03,0.24
Wesley Fofana,Chelsea,DEF,5.0,65,0,2.6,0.0,0,2,1718,4,25,0,0,0,0,5,2,3,463.6,65.6,74.0,60.4,0.0,0,0.0,13.0,0,0,0,0,0.0,0.0,0.0,0.0,0.72,0.6,1.32,25.81,20,19,187,81,206,10.79,Suspended until 6 Sep,126,52,269,89,256,81,221,71,,,,,,,0.04,0.0,0.03,0.07,1.35,1.31,291,54,270,134,225,92,558,184,1.05,0.21
Pau Pau,Aston Villa,DEF,4.5,64,0,3.0,0.2,0,2,1673,5,19,1,0,0,0,1,0,2,321.8,47.1,79.0,45.1,0.0,0,0.0,14.2,0,0,0,0,0.0,0.0,0.0,0.0,1.33,0.39,1.72,22.81,18,22,90,79,112,6.03,,193,74,290,99,251,79,260,85,,,,,,,0.07,0.0,0.02,0.09,1.23,1.02,432,111,125,84,167,70,328,116,0.97,0.27
Jeremie Frimpong,Liverpool,DEF,5.5,63,0,3.0,3.1,0,5,1032,5,13,0,0,0,0,1,0,1,133.2,244.6,186.0,56.5,0.0,0,0.0,11.5,0,0,0,0,0.0,0.0,0.0,0.0,0.5,1.55,2.05,12.97,12,11,19,52,30,2.62,,287,103,139,33,166,46,231,72,,,,,,,0.04,0.0,0.14,0.18,1.13,1.13,139,15,383,159,172,72,100,37,1.05,0.44
Nico N.Gonzalez,Man City,MID,5.5,63,0,2.5,0.1,1,0,1561,7,18,0,0,0,0,6,0,1,309.8,234.1,72.0,61.5,0.0,0,0.0,11.5,0,0,0,0,0.0,0.0,0.0,0.0,0.68,1.12,1.8,20.35,17,42,74,90,206,11.88,,197,86,147,99,259,137,219,110,,,,,,,0.04,0.0,0.06,0.1,1.17,1.04,173,106,417,151,236,92,455,182,0.98,0.4
Josh King,Fulham,MID,5.5,63,0,2.0,0.1,1,3,1290,5,18,0,0,0,0,4,0,3,207.4,198.7,336.0,73.3,0.0,0,0.0,11.5,0,0,0,0,0.0,0.0,0.0,0.0,2.47,0.66,3.13,18.97,15,26,22,59,107,7.47,,245,110,170,112,82,50,190,95,,,,,,,0.17,0.0,0.05,0.22,1.32,1.26,207,131,451,176,289,123,397,154,1.05,0.35
Kevin Danso,Spurs,DEF,5.0,63,0,2.6,0.2,0,0,1489,4,25,0,0,0,0,8,0,1,407.0,49.5,96.0,55.5,0.0,0,0.0,12.6,0,0,0,0,0.0,0.0,0.0,0.0,0.62,0.28,0.9,20.15,17,27,165,45,192,11.61,,150,61,284,96,235,71,232,73,,,,,,,0.04,0.0,0.02,0.06,1.22,1.51,228,37,207,117,221,90,365,127,1.03,0.24
Jacob J.Ramsey,Newcastle,MID,5.0,62,0,2.2,0.5,2,3,1441,1,31,0,0,0,0,3,1,3,304.4,330.3,165.0,79.9,0.0,0,0.0,12.4,0,0,0,0,0.0,0.0,0.0,0.0,1.2,1.45,2.65,27.24,15,41,23,85,149,9.31,,198,87,108,77,183,100,173,84,,,,,,,0.07,0.0,0.09,0.16,1.7,1.94,275,165,254,57,267,112,263,87,0.94,0.06
Mitoma Mitoma,Brighton,MID,6.0,62,0,2.5,0.2,3,1,1714,5,20,0,0,0,0,5,0,2,288.4,422.3,416.0,112.3,0.0,0,0.0,10.3,0,0,0,0,0.0,0.0,0.0,0.0,4.04,2.74,6.78,23.76,19,18,27,62,107,5.62,Hamstring injury - Unknown return date,208,92,66,51,59,35,103,60,,,,,,,0.21,0.0,0.14,0.35,1.25,1.05,87,56,490,195,240,94,345,132,1.0,0.26
Timothy Castagne,Fulham,DEF,4.5,61,0,2.0,0.2,0,2,1838,3,31,0,0,0,0,4,0,3,373.0,292.2,195.0,86.2,0.0,0,0.0,13.6,0,0,0,0,0.0,0.0,0.0,0.0,1.5,1.47,2.97,32.66,20,40,106,56,146,7.15,,163,67,127,30,159,42,158,54,,,,,,,0.07,0.0,0.07,0.14,1.6,1.52,397,84,90,57,282,107,361,126,0.98,0.15
Archie Gray,Spurs,MID,5.0,61,0,2.5,0.2,2,2,1471,5,28,0,0,0,0,5,0,6,259.4,138.1,158.0,55.5,0.0,0,0.0,12.2,0,0,0,0,0.0,0.0,0.0,0.0,1.5,1.29,2.79,24.8,18,11,65,56,132,8.08,,220,97,209,132,190,104,234,120,,,,,,,0.09,0.0,0.08,0.17,1.52,1.71,352,210,331,102,233,90,332,121,1.1,0.31
Boubacar Kamara,Aston Villa,MID,5.0,61,0,3.4,0.1,1,3,1410,5,15,0,0,0,0,5,0,7,325.0,241.3,75.0,64.2,0.0,0,0.0,12.2,0,0,0,0,0.0,0.0,0.0,0.0,0.53,0.84,1.36,20.8,17,38,46,65,149,9.51,Knee injury - 75% chance of playing,190,81,141,97,253,135,212,108,,,,,,,0.03,0.0,0.05,0.08,1.33,0.96,269,161,248,53,111,43,477,193,1.09,0.32
Rayan Aït-Nouri,Man City,DEF,5.5,60,0,3.5,0.9,0,2,971,5,8,0,0,0,0,2,0,9,195.6,216.4,90.0,50.2,0.0,0,0.0,10.9,0,0,0,0,0.0,0.0,0.0,0.0,0.53,2.01,2.54,12.25,12,35,32,49,67,6.21,,254,95,153,37,244,75,244,78,,,,,,,0.05,0.0,0.19,0.24,1.14,0.74,166,22,410,166,106,44,195,72,1.11,0.46
Tino Livramento,Newcastle,DEF,5.0,59,0,3.5,0.1,0,1,1326,6,14,0,0,0,0,1,0,3,219.4,199.7,42.0,46.1,0.0,0,0.0,11.8,0,0,0,0,0.0,0.0,0.0,0.0,0.13,0.89,1.02,18.62,14,22,46,81,68,4.62,Calf injury - 75% chance of playing,238,89,169,42,282,92,257,83,,,,,,,0.01,0.0,0.06,0.07,1.26,0.95,290,53,269,133,102,41,418,143,0.95,0.41
David Brooks,Bournemouth,MID,5.0,59,0,1.9,0.2,1,3,1188,5,20,0,0,0,0,7,0,4,236.2,384.5,434.0,104.1,0.0,0,0.0,11.8,0,0,0,0,0.0,0.0,0.0,0.0,5.81,3.4,9.21,20.25,13,19,19,56,94,7.12,,230,102,87,65,53,32,121,69,9.0,,3.0,,,,0.44,0.0,0.26,0.7,1.53,1.52,225,137,204,29,291,125,368,138,0.98,0.38
Estêvão Estêvão,Chelsea,MID,6.5,58,0,2.6,1.7,2,5,839,4,11,0,0,0,0,4,0,4,183.4,230.9,314.0,72.6,0.0,0,0.0,8.9,0,0,0,0,0.0,0.0,0.0,0.0,2.91,2.14,5.05,10.29,12,11,9,36,56,6.01,,257,117,148,100,92,58,192,97,8.0,,,,3.0,,0.31,0.0,0.23,0.54,1.1,1.18,55,39,537,231,229,89,145,46,1.29,0.43
Adam Smith,Bournemouth,DEF,4.5,58,0,2.6,0.1,0,2,1073,6,16,0,0,0,0,3,0,4,176.2,76.6,18.0,27.1,0.0,0,0.0,12.9,0,0,0,0,0.0,0.0,0.0,0.0,0.0,0.23,0.23,18.18,14,15,55,29,70,5.87,,259,97,260,87,314,112,296,100,,,,,,,0.0,0.0,0.02,0.02,1.52,1.34,375,75,68,48,217,86,413,140,1.17,0.5
Mason Mount,Man Utd,MID,5.5,58,0,2.5,0.1,3,0,1010,5,15,0,0,0,0,2,0,3,201.2,214.1,165.0,58.0,0.0,0,0.0,10.5,0,0,0,0,0.0,0.0,0.0,0.0,1.56,1.62,3.18,12.46,12,24,19,59,102,9.09,,251,113,156,104,184,101,227,116,,,3.0,,,,0.14,0.0,0.14,0.28,1.11,1.34,126,79,370,124,234,91,392,151,1.07,0.45
Gabriel Martinelli,Arsenal,MID,6.5,57,0,1.9,0.3,1,5,1065,2,8,0,0,0,0,3,0,3,204.6,202.2,390.0,79.0,0.0,0,0.0,8.8,0,0,0,0,0.0,0.0,0.0,0.0,4.12,1.27,5.39,10.51,11,12,13,52,77,6.51,,249,112,166,111,69,42,177,86,,,,,,,0.35,0.0,0.11,0.46,0.89,0.68,45,32,527,224,298,130,299,99,0.93,0.17
Leny Yoro,Man Utd,DEF,5.0,56,0,1.8,0.6,0,1,1730,2,33,0,0,0,0,1,0,1,327.0,83.1,124.0,53.2,0.0,0,0.0,11.2,0,0,0,0,0.0,0.0,0.0,0.0,1.34,0.59,1.93,26.83,18,30,126,73,156,8.12,,188,73,251,82,211,59,239,75,,,,,,,0.07,0.0,0.03,0.1,1.4,1.72,354,70,333,150,306,113,230,81,0.94,0.1
Omar Marmoush,Man City,FWD,7.0,56,0,2.7,0.7,3,3,691,4,5,0,0,0,0,3,0,5,203.2,159.8,284.0,64.4,0.0,0,0.0,8.0,0,0,0,0,0.0,0.0,0.0,0.0,2.78,0.77,3.55,7.92,8,13,6,20,39,5.08,,250,24,195,20,106,26,211,22,,,2.0,,2.0,,0.36,0.0,0.1,0.46,1.03,0.65,28,9,543,59,216,23,227,38,1.04,0.52
Ross Barkley,Aston Villa,MID,5.0,56,0,2.7,0.2,3,2,844,1,15,0,0,0,0,1,0,5,227.8,162.3,191.0,58.1,0.0,0,0.0,11.2,0,0,0,0,0.0,0.0,0.0,0.0,1.58,1.26,2.84,13.2,7,14,15,45,74,7.89,,234,104,187,123,161,86,226,115,,,,,,,0.17,0.0,0.13,0.3,1.41,1.6,219,136,198,28,204,78,370,139,0.75,0.11
Sean Longstaff,Leeds,MID,5.0,56,0,2.4,0.2,2,2,1003,1,20,0,0,0,0,2,0,5,291.8,403.7,116.0,81.2,0.0,0,0.0,11.2,0,0,0,0,0.0,0.0,0.0,0.0,1.23,1.87,3.1,15.88,10,38,29,43,110,9.87,,203,90,74,56,220,120,171,83,5.0,,2.0,,,,0.11,0.0,0.17,0.28,1.42,1.79,241,147,220,39,244,97,375,142,0.9,0.09
Ilia Gruev,Leeds,MID,5.0,56,0,2.4,0.0,0,4,1318,5,23,0,0,0,0,3,0,3,199.4,171.0,64.0,43.2,0.0,0,0.0,11.2,0,0,0,0,0.0,0.0,0.0,0.0,0.49,0.86,1.35,25.27,15,23,40,51,114,7.78,,252,114,186,122,266,142,263,126,,,,,,,0.03,0.0,0.06,0.09,1.73,1.57,313,182,292,74,247,100,529,221,1.02,0.34
Carlos Baleba,Brighton,MID,5.0,56,0,1.8,0.6,0,0,1646,7,19,0,0,0,0,5,0,0,166.8,156.3,44.0,36.8,0.0,0,0.0,11.2,0,0,0,0,0.0,0.0,0.0,0.0,0.78,0.72,1.5,20.4,23,37,67,105,209,11.43,,264,120,198,127,279,149,275,133,,,,,,,0.04,0.0,0.04,0.08,1.12,1.04,343,201,322,93,305,133,234,81,1.26,0.38
Alejandro Garnacho,Aston Villa,MID,6.0,56,0,2.3,1.1,1,4,1261,4,20,0,0,0,0,2,0,3,211.4,405.3,399.0,100.5,0.0,0,0.0,9.3,0,0,0,0,0.0,0.0,0.0,0.0,3.44,3.68,7.12,20.52,14,16,10,45,71,5.07,,243,109,73,55,66,39,127,73,,,,,,,0.25,0.0,0.26,0.51,1.46,1.43,95,60,498,199,260,108,188,62,1.0,0.29
Andrew Robertson,Spurs,DEF,4.5,55,0,2.3,1.8,1,0,1165,4,16,0,0,0,0,0,0,4,239.8,318.8,121.0,68.2,0.0,0,0.0,12.2,0,0,0,0,0.0,0.0,0.0,0.0,1.1,1.4,2.49,17.44,11,12,43,40,55,4.25,,227,86,113,27,215,61,202,68,,,,,,,0.08,0.0,0.11,0.19,1.35,1.24,392,81,85,54,254,99,139,54,0.85,0.31
Ian Maatsen,Aston Villa,DEF,4.5,54,0,1.8,0.6,0,1,1590,2,27,0,0,0,0,2,0,1,336.6,373.4,231.0,94.3,0.0,0,0.0,12.0,0,0,0,0,0.0,0.0,0.0,0.0,1.26,2.39,3.65,26.64,17,43,85,82,128,7.25,,180,71,90,21,130,25,142,47,,,,,,,0.07,0.0,0.14,0.21,1.51,1.53,437,116,130,89,299,111,235,82,0.96,0.11
Felipe Morato,Nott'm Forest,DEF,5.0,53,0,2.5,0.1,1,0,1340,2,23,0,0,0,0,5,0,1,371.2,37.6,96.0,50.5,0.0,0,0.0,10.6,0,0,0,0,0.0,0.0,0.0,0.0,1.32,0.15,1.47,24.34,14,30,114,52,144,9.67,,164,68,301,102,236,72,243,77,,,,,,,0.09,0.0,0.01,0.1,1.63,1.54,312,63,291,143,231,95,469,162,0.94,0.13
Noussair Mazraoui,Man Utd,DEF,4.5,53,0,2.6,0.8,0,0,977,5,10,0,0,0,0,3,0,6,209.0,122.4,37.0,36.8,0.0,0,0.0,11.8,0,0,0,0,0.0,0.0,0.0,0.0,0.19,0.35,0.53,12.99,11,28,66,46,94,8.66,,244,93,224,64,289,96,274,90,,,,,,,0.02,0.0,0.03,0.05,1.2,0.92,419,101,112,74,218,87,210,77,1.01,0.46
Dwight McNeil,Everton,MID,5.5,53,0,2.4,0.1,0,3,1161,6,9,0,0,0,0,1,0,1,140.6,242.4,138.0,52.2,0.0,0,0.0,9.6,0,0,0,0,0.0,0.0,0.0,0.0,1.37,1.91,3.28,18.8,14,23,26,62,111,8.6,,281,129,140,96,199,110,241,123,6.0,,2.0,,,,0.11,0.0,0.15,0.26,1.46,0.7,156,98,400,143,252,104,394,152,1.09,0.47
Rico Henry,Brentford,DEF,4.5,52,0,2.1,0.2,0,2,1322,4,22,0,0,0,0,2,0,0,151.6,82.0,35.0,26.9,0.0,0,0.0,11.6,0,0,0,0,0.0,0.0,0.0,0.0,0.18,0.54,0.72,23.91,14,15,53,72,68,4.63,,275,102,254,84,292,98,299,101,,,,,,,0.01,0.0,0.04,0.05,1.63,1.5,405,90,98,63,274,104,366,128,0.95,0.27
Fabian Schär,Newcastle,DEF,5.0,51,0,3.2,0.2,0,0,1089,4,13,0,0,0,0,1,0,0,291.2,63.6,108.0,46.4,0.0,0,0.0,10.2,0,0,0,0,0.0,0.0,0.0,0.0,0.97,0.6,1.57,13.85,11,14,101,42,115,9.5,,205,77,272,91,225,67,256,82,,,3.0,,,,0.08,0.0,0.05,0.13,1.14,1.07,226,36,205,116,143,57,376,131,0.91,0.33
Lisandro Martinez,Man Utd,DEF,5.0,51,0,2.8,0.7,0,0,1229,5,15,1,0,0,0,0,1,3,302.8,94.9,19.0,42.0,0.0,0,0.0,10.2,0,0,0,0,0.0,0.0,0.0,0.0,0.15,0.6,0.75,15.22,13,19,86,68,105,7.69,Thigh injury - 75% chance of playing,201,75,241,78,313,111,264,88,,,,,,,0.01,0.0,0.04,0.05,1.11,1.1,265,47,244,127,193,81,217,78,0.95,0.37
Dan Ndoye,Nott'm Forest,MID,5.5,50,0,2.1,0.6,1,2,1167,2,17,0,0,0,0,1,0,4,166.4,217.7,180.0,56.6,0.0,0,0.0,9.1,0,0,0,0,0.0,0.0,0.0,0.0,1.05,1.51,2.56,15.96,14,22,24,50,96,7.4,,265,121,152,103,173,92,230,118,,,,,,,0.08,0.0,0.12,0.2,1.23,1.31,167,105,411,150,277,118,246,83,1.08,0.15
Tyrone Mings,Aston Villa,DEF,4.5,50,0,2.9,0.2,0,1,1322,3,23,0,0,0,0,1,0,4,282.6,80.5,105.0,46.8,0.0,0,0.0,11.1,0,0,0,0,0.0,0.0,0.0,0.0,1.3,0.42,1.72,23.37,15,5,102,47,107,7.28,,212,81,256,85,226,68,255,81,,,,,,,0.09,0.0,0.03,0.12,1.59,1.57,394,82,87,55,178,73,330,117,1.02,0.2
Kevin Kevin,Fulham,MID,5.5,49,0,1.9,0.1,1,3,1030,4,15,0,0,0,0,1,0,0,216.0,246.6,243.0,70.4,0.0,0,0.0,8.9,0,0,0,0,0.0,0.0,0.0,0.0,1.21,1.47,2.68,14.57,9,21,17,48,86,7.51,,241,108,138,95,121,70,199,99,6.0,,,,,,0.11,0.0,0.13,0.24,1.27,1.31,204,129,448,174,296,128,437,174,0.79,0.35
Lucas Bergvall,Spurs,MID,5.5,49,0,2.1,0.2,1,3,955,3,18,0,0,0,0,2,0,0,164.6,106.4,147.0,41.5,0.0,0,0.0,8.9,0,0,0,0,0.0,0.0,0.0,0.0,1.23,0.43,1.66,13.66,11,22,18,39,79,7.45,,267,123,235,138,196,108,267,129,,,,,,,0.12,0.0,0.04,0.16,1.29,1.7,205,130,449,175,279,120,379,144,1.04,0.28
Nicolás Dominguez,Nott'm Forest,MID,5.0,48,0,1.8,0.1,1,1,1168,3,20,0,0,0,0,3,0,3,264.8,193.5,138.0,59.7,0.0,0,0.0,9.6,0,0,0,0,0.0,0.0,0.0,0.0,1.47,0.77,2.24,23.21,17,56,29,58,143,11.02,,219,96,175,117,198,109,223,113,,,,,,,0.11,0.0,0.06,0.17,1.79,1.54,282,170,261,62,303,132,466,188,1.31,0.23
Anthony Elanga,Newcastle,MID,6.0,48,0,1.5,0.7,0,1,1302,2,28,0,0,0,0,0,0,0,130.4,266.7,185.0,57.8,0.0,0,0.0,8.0,0,0,0,0,0.0,0.0,0.0,0.0,1.65,1.74,3.39,21.11,14,14,9,32,55,3.8,,290,134,135,92,168,88,228,117,8.0,,,,,,0.11,0.0,0.12,0.23,1.46,1.94,86,55,489,194,332,148,216,75,0.97,0.14
Ryan Christie,Bournemouth,MID,5.0,47,0,1.8,0.0,2,1,978,3,14,0,0,0,0,3,1,2,226.6,197.0,220.0,64.7,0.0,0,0.0,9.4,0,0,0,0,0.0,0.0,0.0,0.0,1.81,0.79,2.6,19.14,9,27,34,62,123,11.32,Suspended until 29 Aug,235,105,173,115,138,78,210,107,10.0,,,,,,0.17,0.0,0.07,0.24,1.76,1.29,234,143,213,35,302,131,499,206,0.83,0.28
Andrey Andrey Santos,Man Utd,MID,5.0,47,0,1.7,1.5,1,0,1247,1,18,0,0,0,0,4,0,3,229.6,153.9,91.0,47.5,0.0,0,0.0,9.4,0,0,0,0,0.0,0.0,0.0,0.0,2.0,0.88,2.88,18.91,13,37,44,48,129,9.31,,233,103,200,128,241,129,251,124,,,,,,,0.14,0.0,0.06,0.2,1.36,1.3,342,200,321,92,316,139,162,54,0.94,0.07
Bafodé Diakité,Bournemouth,DEF,5.0,46,0,2.6,0.2,0,0,1275,4,27,0,0,0,0,1,0,2,267.0,54.3,22.0,34.4,0.0,0,0.0,9.2,0,0,0,0,0.0,0.0,0.0,0.0,0.02,0.19,0.21,22.47,15,20,97,48,117,8.26,,217,83,280,95,308,107,279,91,,,,,,,0.0,0.0,0.01,0.01,1.59,1.91,279,50,258,130,224,91,354,121,1.06,0.28
Wilson Odobert,Spurs,MID,5.5,46,0,1.9,0.0,0,2,972,2,13,0,0,0,0,0,0,6,158.8,284.3,234.0,67.6,0.0,0,0.0,8.4,0,0,0,0,0.0,0.0,0.0,0.0,1.92,1.21,3.13,14.24,10,10,14,53,77,7.13,Knee injury - Unknown return date,270,125,129,88,128,73,205,102,,,,,,,0.18,0.0,0.11,0.29,1.32,1.2,203,128,447,173,295,127,566,250,0.93,0.19
Benjamin White,Arsenal,DEF,5.5,45,0,3.8,0.2,0,1,699,5,6,0,0,0,0,0,0,3,154.8,133.4,54.0,34.3,0.0,0,0.0,8.2,0,0,0,0,0.0,0.0,0.0,0.0,0.45,0.69,1.14,8.68,9,15,38,28,53,6.82,,272,101,213,58,275,89,280,92,,,,,,,0.06,0.0,0.09,0.15,1.12,0.77,127,13,371,157,71,27,356,123,1.16,0.64
Will Hughes,Crystal Palace,MID,4.5,45,0,1.5,11.1,0,1,1560,5,18,0,0,0,0,7,0,0,198.0,322.9,90.0,60.9,0.0,0,0.0,10.0,0,0,0,0,0.0,0.0,0.0,0.0,1.11,1.94,3.05,25.35,19,28,54,66,148,8.54,,253,115,110,79,243,131,220,111,7.0,,,,,,0.06,0.0,0.11,0.17,1.46,1.04,386,227,79,2,328,145,42,14,1.1,0.29
Liam Delap,Chelsea,FWD,5.5,45,0,1.6,0.5,1,2,1092,2,18,0,0,0,0,4,0,1,67.8,73.7,349.0,47.3,0.0,0,0.0,8.2,0,0,0,0,0.0,0.0,0.0,0.0,4.54,0.23,4.76,16.67,12,5,12,25,42,3.46,,323,36,263,31,77,22,254,32,,,,,4.0,,0.37,0.0,0.02,0.39,1.37,1.48,169,38,413,35,326,36,252,44,0.99,0.16
Conor Gallagher,Spurs,MID,5.5,44,0,2.8,0.2,1,1,1183,2,23,0,0,0,0,2,0,3,190.6,205.9,154.0,55.1,0.0,0,0.0,8.0,0,0,0,0,0.0,0.0,0.0,0.0,1.23,0.7,1.93,19.03,14,22,29,73,124,9.43,,256,116,163,109,194,107,235,121,,,,,,,0.09,0.0,0.05,0.14,1.45,1.75,145,90,389,135,197,74,340,128,1.07,0.15
Evann Guessand,Aston Villa,MID,5.5,44,0,2.1,0.0,1,3,909,2,15,0,0,0,0,0,0,0,159.4,76.6,187.0,42.0,0.0,0,0.0,8.0,0,0,0,0,0.0,0.0,0.0,0.0,1.56,0.85,2.41,14.48,9,24,16,43,83,8.22,,269,124,261,144,164,87,265,127,,,,,,,0.15,0.0,0.08,0.23,1.43,1.49,182,112,426,157,278,119,511,213,0.89,0.2
Lucas Estella Perri,Leeds,GKP,4.5,43,0,2.7,0.7,0,0,1440,3,29,0,0,0,38,2,0,3,322.4,0.0,0.0,32.2,0.0,0,0.0,9.6,0,0,0,0,0.0,0.0,0.0,0.0,0.0,0.0,0.0,26.68,16,0,16,100,0,0.0,,192,19,448,44,432,36,284,19,,,,,,,0.0,2.38,0.0,0.0,1.67,1.81,408,31,101,32,203,24,223,30,1.0,0.19
Rio Ngumoha,Liverpool,MID,6.0,43,0,2.3,1.7,2,1,547,2,12,0,0,0,0,0,0,4,176.0,222.8,203.0,60.1,0.0,0,0.0,7.2,0,0,0,0,0.0,0.0,0.0,0.0,1.34,2.01,3.35,8.92,5,4,7,19,30,4.94,,260,118,151,102,152,83,222,112,,,,,,,0.22,0.0,0.33,0.55,1.47,1.97,108,71,511,210,261,109,150,48,0.82,0.33
Sávio Savinho,Man City,MID,6.5,43,0,1.8,0.1,1,2,817,3,7,0,0,0,0,2,0,1,138.6,198.4,321.0,65.8,0.0,0,0.0,6.6,0,0,0,0,0.0,0.0,0.0,0.0,2.5,1.59,4.09,11.24,7,9,11,39,59,6.5,,286,132,171,113,88,55,209,106,,,,,,,0.28,0.0,0.18,0.46,1.24,0.77,51,36,533,228,310,135,417,165,0.77,0.33
Matthijs De Ligt,Man Utd,DEF,5.0,43,0,3.3,0.0,1,0,1170,1,20,0,0,0,0,0,0,5,276.6,60.2,122.0,45.7,0.0,0,0.0,8.6,0,0,0,0,0.0,0.0,0.0,0.0,1.38,0.83,2.21,18.73,13,19,88,40,107,8.23,Back injury - Unknown return date,214,82,275,93,213,60,259,84,,,,,,,0.11,0.0,0.06,0.17,1.44,1.54,252,41,231,121,127,49,516,174,1.0,0.08
Taiwo Awoniyi,Nott'm Forest,FWD,5.5,43,0,2.5,0.4,4,2,480,1,4,0,0,0,0,2,0,4,177.2,79.0,235.0,48.4,0.0,0,0.0,7.8,0,0,0,0,0.0,0.0,0.0,0.0,3.68,0.77,4.45,10.35,3,2,6,18,26,4.88,,258,25,258,30,126,31,247,28,,,,,,,0.69,0.0,0.14,0.83,1.94,0.75,137,34,381,31,235,24,288,53,0.56,0.19
Conor Bradley,Liverpool,DEF,5.0,42,0,2.8,0.0,0,2,928,4,13,0,0,0,0,5,0,2,157.4,105.2,62.0,32.3,0.0,0,0.0,8.4,0,0,0,0,0.0,0.0,0.0,0.0,0.18,0.84,1.02,10.77,12,19,46,43,65,6.3,Knee injury - Unknown return date,271,100,237,75,268,85,283,94,,,,,,,0.02,0.0,0.08,0.1,1.04,1.26,322,66,301,146,195,83,553,183,1.16,0.39
Ayden Heaven,Man Utd,DEF,4.5,42,0,2.5,0.4,0,1,920,2,15,1,0,0,0,2,0,3,233.6,32.0,26.0,29.1,0.0,0,0.0,9.3,0,0,0,0,0.0,0.0,0.0,0.0,0.34,0.18,0.52,11.95,11,22,71,39,93,9.1,,231,87,307,105,303,103,292,99,,,,,,,0.03,0.0,0.02,0.05,1.17,1.47,492,136,185,109,230,94,291,106,1.08,0.2
Oscar Bobb,Fulham,MID,5.5,42,0,1.8,0.4,0,2,1030,4,13,0,0,0,0,1,0,0,140.4,315.4,205.0,66.4,0.0,0,0.0,7.6,0,0,0,0,0.0,0.0,0.0,0.0,1.47,2.1,3.57,12.71,11,21,12,43,76,6.64,,282,130,114,81,150,81,207,104,,,,,,,0.13,0.0,0.18,0.31,1.11,1.14,178,109,422,154,308,134,270,88,0.96,0.35
Joshua Zirkzee,Man Utd,FWD,5.5,42,0,1.8,0.7,2,1,607,2,8,0,0,0,0,3,0,6,164.4,177.7,245.0,58.3,0.0,0,0.0,7.6,0,0,0,0,0.0,0.0,0.0,0.0,2.74,0.34,3.08,9.41,5,9,14,21,44,6.52,,268,26,185,17,117,30,225,25,,,,,,,0.41,0.0,0.05,0.46,1.4,1.19,168,37,412,34,307,31,222,37,0.74,0.3
Tom Cairney,Fulham,MID,5.0,41,0,1.7,0.0,2,0,756,2,10,0,0,0,0,3,0,1,153.4,195.6,64.0,41.4,0.0,0,0.0,8.2,0,0,0,0,0.0,0.0,0.0,0.0,1.21,0.81,2.02,11.67,6,7,12,42,61,7.26,,273,126,174,116,265,141,268,130,,,,,,,0.14,0.0,0.1,0.24,1.39,1.19,216,135,195,27,313,136,525,218,0.71,0.24
Justin Kluivert,Bournemouth,MID,6.0,41,0,2.0,0.9,2,0,945,4,19,0,0,0,0,5,0,3,148.0,305.1,135.0,58.8,0.0,0,0.0,6.8,0,0,0,0,0.0,0.0,0.0,0.0,2.31,1.55,3.86,17.96,10,10,9,46,65,6.19,,276,127,124,86,202,112,224,114,,,2.0,,2.0,,0.22,0.0,0.15,0.37,1.71,1.81,74,47,477,186,290,124,196,65,0.95,0.38
Alexander Isak,Liverpool,FWD,9.0,41,0,2.9,11.4,3,1,694,1,9,0,0,0,0,0,0,4,146.4,39.2,191.0,36.9,0.0,0,0.0,4.6,0,0,0,0,0.0,0.0,0.0,0.0,2.59,0.08,2.67,8.38,8,7,10,13,30,3.89,,277,28,299,37,162,33,273,34,,,,,1.0,,0.34,0.0,0.01,0.35,1.09,1.17,5,2,563,67,188,18,40,8,1.04,0.13
Chris Wood,Nott'm Forest,FWD,6.0,41,0,2.7,1.8,3,0,896,2,14,0,0,0,0,0,0,4,139.0,88.4,266.0,48.0,0.0,0,0.0,6.8,0,0,0,0,0.0,0.0,0.0,0.0,4.29,0.32,4.61,14.44,11,1,14,14,29,2.91,,285,31,244,26,111,28,249,29,,,,,1.0,,0.43,0.0,0.03,0.46,1.45,1.41,58,14,461,44,213,21,141,23,1.1,0.2
Lewis Cook,Bournemouth,MID,5.0,40,0,2.2,0.1,0,1,872,1,19,0,0,0,0,1,1,0,206.8,183.8,12.0,40.6,0.0,0,0.0,8.0,0,0,0,0,0.0,0.0,0.0,0.0,0.07,0.52,0.59,14.0,8,25,56,62,143,14.76,,247,111,181,120,324,165,269,131,8.0,,,,,,0.01,0.0,0.05,0.06,1.44,1.96,233,142,212,34,266,111,401,158,0.83,0.1
Dominic Solanke,Spurs,FWD,6.0,40,0,2.7,2.7,3,0,997,0,21,0,0,0,0,1,0,4,205.0,84.1,339.0,62.7,0.0,0,0.0,6.7,0,0,0,0,0.0,0.0,0.0,0.0,2.97,0.34,3.3,17.8,11,22,16,33,71,6.41,,248,23,249,28,81,23,217,23,,,,,1.0,,0.27,0.0,0.03,0.3,1.61,1.9,61,15,464,45,214,22,110,16,0.99,0.0
Lamare Bogarde,Aston Villa,MID,5.0,40,0,1.4,0.1,0,0,1042,2,17,0,0,0,0,5,0,4,133.0,59.4,14.0,20.6,0.0,0,0.0,8.0,0,0,0,0,0.0,0.0,0.0,0.0,0.0,0.2,0.2,15.38,11,26,34,43,60,5.18,,288,133,277,152,322,164,309,147,,,,,,,0.0,0.0,0.02,0.02,1.33,1.47,340,199,319,91,339,153,457,184,0.95,0.17
Cristhian Mosquera,Arsenal,DEF,5.5,40,0,2.0,16.9,0,0,986,3,8,0,0,0,0,4,0,1,219.2,88.7,20.0,32.9,0.0,0,0.0,7.3,0,0,0,0,0.0,0.0,0.0,0.0,0.1,0.63,0.73,9.04,9,32,63,35,95,8.67,,239,90,243,79,310,108,282,93,,,,,,,0.01,0.0,0.06,0.07,0.83,0.73,191,28,435,172,288,110,22,8,0.82,0.27
Olivier Boscagli,Brighton,DEF,4.5,39,0,3.2,0.1,0,1,799,3,10,0,0,0,0,2,0,4,215.6,82.2,12.0,31.1,0.0,0,0.0,8.7,0,0,0,0,0.0,0.0,0.0,0.0,0.05,0.47,0.52,10.87,9,16,62,54,78,8.79,,242,92,253,83,323,116,287,96,,,,,,,0.01,0.0,0.05,0.06,1.22,1.13,409,93,102,66,139,53,404,138,1.01,0.34
Jorge J.Cuenca,Fulham,DEF,4.5,39,0,2.6,0.0,0,0,935,2,11,0,0,0,0,6,0,1,249.6,47.2,14.0,31.2,0.0,0,0.0,8.7,0,0,0,0,0.0,0.0,0.0,0.0,0.05,0.53,0.58,14.7,11,16,101,40,117,11.26,,224,84,289,98,320,115,286,95,,,,,,,0.0,0.0,0.05,0.05,1.41,1.06,433,112,126,85,220,89,521,177,1.06,0.19
Josh Acheampong,Chelsea,DEF,4.5,39,0,2.3,0.2,1,0,657,2,13,0,0,0,0,1,0,5,132.6,40.9,70.0,24.4,0.0,0,0.0,8.7,0,0,0,0,0.0,0.0,0.0,0.0,0.62,0.13,0.75,15.66,8,11,33,26,44,6.03,,289,104,296,101,261,84,302,102,,,,,,,0.08,0.0,0.02,0.1,2.15,1.78,484,134,177,107,255,100,350,119,1.1,0.27
Nicolò Savona,Nott'm Forest,DEF,4.5,39,0,2.8,0.0,2,0,1025,3,18,0,0,0,0,2,0,0,216.6,123.2,94.0,43.5,0.0,0,0.0,8.7,0,0,0,0,0.0,0.0,0.0,0.0,1.34,0.45,1.79,15.04,11,20,37,27,57,5.0,Knee injury - Unknown return date,240,91,223,63,239,74,262,87,,,,,,,0.12,0.0,0.04,0.16,1.32,1.58,459,124,152,97,192,80,564,186,0.97,0.26
Joe Willock,Newcastle,MID,5.0,38,0,1.6,0.1,0,2,972,3,18,0,0,0,0,3,0,0,145.4,205.8,204.0,55.5,0.0,0,0.0,7.6,0,0,0,0,0.0,0.0,0.0,0.0,1.26,1.07,2.33,17.83,10,20,17,52,89,8.24,,278,128,164,110,151,82,233,119,,,,,,,0.12,0.0,0.1,0.22,1.65,1.67,243,149,222,41,322,140,405,160,0.93,0.28
Manuel Ugarte,Man Utd,MID,5.0,38,0,1.7,0.0,0,0,876,1,23,0,0,0,0,1,0,0,167.2,83.6,48.0,29.8,0.0,0,0.0,7.6,0,0,0,0,0.0,0.0,0.0,0.0,0.72,0.16,0.88,18.22,8,46,45,51,142,14.59,Knee injury - Unknown return date,263,119,250,141,278,148,289,140,,,,,,,0.07,0.0,0.02,0.09,1.87,2.36,273,163,252,55,314,137,559,246,0.82,0.1
Federico Chiesa,Liverpool,MID,5.5,37,0,1.4,0.2,2,1,317,0,9,0,0,0,0,3,0,0,122.0,47.5,182.0,34.9,0.0,0,0.0,6.7,0,0,0,0,0.0,0.0,0.0,0.0,1.45,0.61,2.06,6.5,1,8,13,9,30,8.52,,292,135,287,155,172,91,278,136,,,,,,,0.41,0.0,0.17,0.58,1.85,2.56,141,88,385,133,340,154,331,120,0.28,0.0
Aaron Hickey,Brentford,DEF,4.5,37,0,1.8,0.1,0,0,679,2,9,0,0,0,0,1,0,0,101.4,17.1,43.0,16.0,0.0,0,0.0,8.2,0,0,0,0,0.0,0.0,0.0,0.0,0.44,0.17,0.61,9.03,8,15,36,35,51,6.76,,304,109,328,114,281,91,320,109,,,,,,,0.06,0.0,0.02,0.08,1.2,1.19,446,120,139,93,301,112,461,160,1.06,0.27
Justin Devenny,Crystal Palace,MID,5.0,36,0,1.7,0.0,1,0,785,1,15,0,0,0,0,0,0,0,115.0,101.8,168.0,38.4,0.0,0,0.0,7.2,0,0,0,0,0.0,0.0,0.0,0.0,2.38,0.39,2.77,14.71,7,25,13,34,72,8.25,,297,136,238,139,179,97,271,132,,,3.0,,3.0,,0.27,0.0,0.04,0.31,1.69,1.72,316,183,295,75,315,138,541,231,0.8,0.11
Merlin Röhl,Everton,MID,5.0,36,0,2.2,0.1,1,1,675,2,13,0,0,0,0,0,0,2,113.0,87.4,62.0,26.3,0.0,0,0.0,7.2,0,0,0,0,0.0,0.0,0.0,0.0,0.67,0.35,1.02,13.31,6,25,15,28,68,9.07,,300,138,245,140,269,144,300,144,,,,,,,0.09,0.0,0.05,0.14,1.77,1.73,336,195,315,87,270,115,447,179,0.8,0.27
Kai Havertz,Arsenal,FWD,7.5,36,0,3.0,4.0,2,3,577,4,4,0,0,0,0,1,0,3,152.6,134.6,210.0,49.9,0.0,0,0.0,4.8,0,0,0,0,0.0,0.0,0.0,0.0,3.31,0.64,3.95,6.68,7,8,10,14,32,4.99,,274,27,211,23,145,32,245,27,,,,,,,0.52,0.0,0.1,0.62,1.04,0.62,14,5,547,61,177,17,85,12,1.09,0.62
Rodrigo Muniz,Fulham,FWD,5.5,36,0,1.7,0.7,1,1,987,3,13,1,0,0,0,2,0,3,113.2,93.2,287.0,47.3,0.0,0,0.0,6.5,0,0,0,0,0.0,0.0,0.0,0.0,3.3,0.15,3.45,13.83,10,8,29,15,52,4.74,,299,33,242,25,103,24,253,31,,,,,,,0.3,0.0,0.01,0.31,1.26,1.19,148,35,392,32,317,33,214,35,0.91,0.27
Chris Rigg,Sunderland,MID,5.0,36,0,2.0,0.1,1,1,758,3,11,0,0,0,0,1,0,1,114.6,142.8,103.0,36.0,0.0,0,0.0,7.2,0,0,0,0,0.0,0.0,0.0,0.0,0.86,0.93,1.79,12.46,11,13,15,29,57,6.77,,298,137,207,131,231,124,276,134,,,,,,,0.1,0.0,0.11,0.21,1.48,1.31,356,212,335,104,287,122,456,183,1.31,0.36
Charalampos Kostoulas,Brighton,FWD,5.5,35,0,1.7,0.3,2,1,351,1,9,0,0,0,0,2,0,3,143.6,126.5,255.0,52.4,0.0,0,0.0,6.4,0,0,0,0,0.0,0.0,0.0,0.0,2.12,0.54,2.66,6.04,2,11,5,25,41,10.51,,279,29,220,24,114,29,240,26,,,,,,,0.54,0.0,0.14,0.68,1.55,2.31,214,45,458,42,318,34,322,56,0.51,0.26
Simon Adingra,Sunderland,MID,5.0,34,0,2.4,0.3,1,1,649,4,8,0,0,0,0,2,0,3,81.4,116.8,75.0,27.0,0.0,0,0.0,6.8,0,0,0,0,0.0,0.0,0.0,0.0,0.35,0.62,0.97,11.3,9,11,13,21,45,6.24,,315,143,225,137,254,136,298,143,,,,,,,0.05,0.0,0.09,0.14,1.57,1.11,344,202,323,94,248,101,304,103,1.25,0.55
Giorgi Mamardashvili,Liverpool,GKP,5.0,34,0,3.4,0.2,0,0,867,2,18,0,1,0,34,0,0,2,275.6,0.0,0.0,27.5,0.0,0,0.0,6.8,0,0,0,0,0.0,0.0,0.0,0.0,0.0,0.0,0.0,13.29,10,1,10,76,0,0.0,,215,20,512,60,509,58,293,20,,,,,,,0.0,3.53,0.0,0.0,1.38,1.87,294,15,273,55,112,14,353,40,1.04,0.21
Tosin Tosin,Chelsea,DEF,4.5,34,0,2.1,0.1,0,0,788,2,14,0,0,0,0,2,0,2,240.4,33.3,19.0,29.3,0.0,0,0.0,7.6,0,0,0,0,0.0,0.0,0.0,0.0,0.11,0.4,0.5,13.25,8,17,80,22,97,11.08,,226,85,305,104,311,109,290,97,,,,,,,0.01,0.0,0.05,0.06,1.51,1.6,388,80,81,53,272,103,388,134,0.91,0.23
Joe Gomez,Liverpool,DEF,5.0,33,0,1.6,0.1,0,2,594,2,14,0,0,0,0,4,0,2,122.8,77.8,31.0,23.2,0.0,0,0.0,6.6,0,0,0,0,0.0,0.0,0.0,0.0,0.28,0.64,0.92,9.31,7,10,36,20,46,6.97,Muscular injury - Unknown return date,291,105,259,86,298,101,305,104,,,,,,,0.04,0.0,0.1,0.14,1.41,2.12,237,38,216,118,321,117,435,149,1.06,0.3
Wilfried Gnonto,Leeds,MID,5.0,32,0,1.4,0.1,0,3,521,1,14,0,0,0,0,3,0,0,85.2,129.3,61.0,27.5,0.0,0,0.0,6.4,0,0,0,0,0.0,0.0,0.0,0.0,0.4,0.77,1.17,11.99,4,18,15,26,59,10.19,,313,142,218,135,270,145,294,141,,,,,,,0.07,0.0,0.13,0.2,2.07,2.42,323,188,302,80,336,150,439,175,0.69,0.17
Jarrad Branthwaite,Everton,DEF,5.5,32,0,3.2,1.9,1,1,678,1,9,0,0,0,0,1,0,0,175.0,42.8,75.0,29.3,0.0,0,0.0,5.8,0,0,0,0,0.0,0.0,0.0,0.0,0.34,0.11,0.45,9.43,7,14,53,30,67,8.89,,261,98,295,100,255,80,291,98,,,,,,,0.05,0.0,0.01,0.06,1.25,1.19,179,26,423,170,149,59,127,50,0.93,0.13
Issa Diop,Ipswich Town,DEF,4.0,31,0,2.4,20.0,1,0,812,1,13,0,0,0,0,2,0,3,190.8,8.0,31.0,23.0,0.0,0,0.0,7.8,0,0,0,0,0.0,0.0,0.0,0.0,0.8,0.05,0.85,12.42,8,6,55,19,61,6.76,,255,96,345,119,297,100,306,105,,,,,,,0.09,0.0,0.01,0.1,1.38,1.44,527,155,27,16,242,98,18,6,0.89,0.11
Ryan Yates,Nott'm Forest,MID,4.5,30,0,1.4,7.5,0,2,602,0,7,0,0,0,0,3,0,0,139.0,79.7,55.0,27.2,0.0,0,0.0,6.7,0,0,0,0,0.0,0.0,0.0,0.0,0.49,0.37,0.86,8.56,2,16,35,18,69,10.32,,284,131,257,143,273,146,295,142,,,,,,,0.07,0.0,0.06,0.13,1.28,1.05,410,230,103,5,333,149,61,21,0.3,0.0
Victor Lindelöf,Aston Villa,DEF,4.5,29,0,1.7,0.2,0,1,942,1,15,0,0,0,0,0,0,0,167.8,36.6,22.0,22.7,0.0,0,0.0,6.4,0,0,0,0,0.0,0.0,0.0,0.0,0.28,0.1,0.38,15.93,11,7,47,19,54,5.16,,262,99,302,103,307,106,307,106,,,,,,,0.03,0.0,0.01,0.04,1.52,1.43,403,88,96,61,311,114,369,129,1.05,0.1
Carlos Alcaraz,Everton,MID,5.0,29,0,1.4,0.1,0,1,679,3,10,0,0,0,0,4,0,0,93.8,161.9,162.0,41.8,0.0,0,0.0,5.8,0,0,0,0,0.0,0.0,0.0,0.0,1.17,0.54,1.71,13.56,6,14,13,43,70,9.28,,308,139,188,124,186,102,266,128,,,,,,,0.16,0.0,0.07,0.23,1.8,1.33,331,193,310,85,338,152,445,177,0.8,0.4
Myles Lewis-Skelly,Arsenal,MID,5.5,29,0,1.4,0.3,0,0,697,2,8,0,0,0,0,3,0,0,73.2,74.6,29.0,17.6,0.0,0,0.0,5.3,0,0,0,0,0.0,0.0,0.0,0.0,0.1,0.2,0.3,9.01,5,8,17,30,25,3.23,,318,144,262,145,302,157,315,150,,,,,,,0.01,0.0,0.03,0.04,1.16,1.03,189,117,433,162,341,155,307,104,0.65,0.26
Destiny Udogie,Spurs,DEF,4.5,29,0,1.4,0.4,0,1,1335,1,25,0,0,0,0,4,0,1,207.2,187.0,103.0,49.8,0.0,0,0.0,6.4,0,0,0,0,0.0,0.0,0.0,0.0,0.18,0.72,0.9,19.15,14,31,37,70,68,4.58,,246,94,179,44,230,69,246,79,,,,,,,0.01,0.0,0.05,0.06,1.29,1.69,450,122,143,95,334,119,276,101,0.94,0.07
Enes Enes Ünal,Bournemouth,FWD,5.5,27,0,1.2,0.2,1,0,214,0,3,0,0,0,0,1,0,1,70.2,25.0,104.0,19.1,0.0,0,0.0,4.9,0,0,0,0,0.0,0.0,0.0,0.0,2.0,0.07,2.07,6.16,0,1,15,7,23,9.67,,322,35,315,40,229,38,311,37,,,5.0,,,,0.84,0.0,0.03,0.87,2.59,1.26,118,28,362,25,350,40,362,60,0.0,0.0
Yoane Wissa,Newcastle,FWD,6.0,27,0,1.4,1.4,1,1,517,1,11,0,0,0,0,3,0,0,58.0,46.7,163.0,25.5,0.0,0,0.0,4.5,0,0,0,0,0.0,0.0,0.0,0.0,3.13,0.54,3.67,9.97,4,5,3,14,22,3.83,,331,38,291,35,185,35,301,36,,,,,4.0,,0.54,0.0,0.09,0.63,1.74,1.91,72,19,475,49,342,37,171,27,0.7,0.17
Luke O'Nien,Sunderland,DEF,4.0,26,0,2.2,2.3,0,1,565,2,7,0,0,0,0,1,1,1,103.0,27.6,40.0,17.1,0.0,0,0.0,6.5,0,0,0,0,0.0,0.0,0.0,0.0,0.15,0.13,0.28,9.24,5,6,37,10,43,6.85,,301,107,314,109,284,94,317,108,,,,,,,0.02,0.0,0.02,0.04,1.47,1.12,515,146,15,7,262,101,116,43,0.8,0.32
Dilane Bakwa,Nott'm Forest,MID,5.5,26,0,1.9,0.0,0,2,549,2,10,0,0,0,0,1,0,1,86.4,178.8,95.0,35.6,0.0,0,0.0,4.7,0,0,0,0,0.0,0.0,0.0,0.0,0.54,1.01,1.55,10.94,6,4,3,28,35,5.74,,312,141,184,121,238,127,277,135,6.0,,,,,,0.09,0.0,0.17,0.26,1.79,1.64,176,108,420,153,294,126,532,224,0.98,0.33
Jamie Gittens,Chelsea,MID,6.0,25,0,1.6,0.1,0,2,486,1,7,0,0,0,0,0,0,0,93.0,130.4,91.0,31.3,0.0,0,0.0,4.2,0,0,0,0,0.0,0.0,0.0,0.0,0.81,0.94,1.75,8.89,5,8,6,15,29,5.37,,309,140,216,134,242,130,285,138,,,,,,,0.15,0.0,0.17,0.32,1.65,1.3,89,57,492,196,327,144,465,187,0.93,0.19
Sebastiaan Bornauw,Leeds,DEF,4.5,25,0,2.1,0.0,0,0,429,2,5,0,0,0,0,1,0,0,98.6,6.3,19.0,12.2,0.0,0,0.0,5.6,0,0,0,0,0.0,0.0,0.0,0.0,0.2,0.01,0.21,8.71,5,8,41,13,49,10.28,,305,110,352,124,312,110,329,113,,,,,,,0.04,0.0,0.0,0.04,1.83,1.05,436,115,129,88,276,106,534,180,1.05,0.42
Gabriel G.Jesus,Arsenal,FWD,6.0,24,0,1.7,0.4,3,0,418,1,6,0,0,0,0,3,0,0,141.8,54.3,281.0,47.5,0.0,0,0.0,4.0,0,0,0,0,0.0,0.0,0.0,0.0,2.71,0.26,2.97,3.97,3,4,7,19,30,6.46,,280,30,281,33,107,27,252,30,,,,,,,0.58,0.0,0.06,0.64,0.85,1.29,68,17,471,47,319,35,283,51,0.65,0.22
Daniel James,Leeds,MID,5.0,23,0,1.2,0.1,0,0,547,1,16,0,0,0,0,0,0,0,70.8,133.1,133.0,33.9,0.0,0,0.0,4.6,0,0,0,0,0.0,0.0,0.0,0.0,0.91,0.71,1.62,14.39,6,7,9,19,35,5.76,,321,146,214,133,203,113,281,137,,,,,,,0.15,0.0,0.12,0.27,2.37,2.63,244,150,223,42,348,160,428,170,0.99,0.16
Tammy Abraham,Aston Villa,FWD,5.5,23,0,1.9,0.0,2,0,278,0,8,0,0,0,0,0,0,2,87.2,49.2,136.0,27.1,0.0,0,0.0,4.2,0,0,0,0,0.0,0.0,0.0,0.0,2.05,0.36,2.41,5.12,2,4,3,6,13,4.21,Shoulder injury - Expected back 23 Aug,311,34,286,34,200,36,297,35,,,,,,,0.66,0.0,0.12,0.78,1.66,2.59,121,30,365,27,292,29,517,67,0.65,0.0
Eddie Nketiah,Crystal Palace,FWD,5.5,23,0,1.9,0.5,2,0,414,0,12,0,0,0,0,2,0,3,120.0,84.6,173.0,37.8,0.0,0,0.0,4.2,0,0,0,0,0.0,0.0,0.0,0.0,1.77,0.46,2.23,9.49,2,8,13,17,38,8.26,,293,32,247,27,178,34,272,33,,,,,,,0.38,0.0,0.1,0.48,2.06,2.61,133,33,377,30,293,30,267,47,0.43,0.0
Nathan Patterson,Everton,DEF,4.5,22,0,3.1,0.0,0,0,238,2,2,0,0,0,0,0,0,0,65.6,6.4,17.0,8.8,0.0,0,0.0,4.9,0,0,0,0,0.0,0.0,0.0,0.0,0.03,0.04,0.07,3.67,3,10,21,14,31,11.72,,327,117,351,123,317,114,342,117,,,,,,,0.01,0.0,0.02,0.03,1.39,0.76,430,109,123,82,156,63,496,168,1.13,0.76
Harrison Armstrong,Everton,MID,5.0,21,0,1.6,0.1,0,0,524,1,11,0,0,0,0,0,0,0,60.0,69.7,78.0,21.0,0.0,0,0.0,4.2,0,0,0,0,0.0,0.0,0.0,0.0,0.79,0.22,1.01,10.93,6,13,13,24,50,8.59,,330,148,264,146,252,134,308,146,,,,,,,0.14,0.0,0.04,0.18,1.88,1.89,363,218,342,110,324,142,481,195,1.03,0.17
Leon Bailey,Aston Villa,MID,5.5,21,0,1.6,0.1,0,2,450,0,9,0,0,0,0,1,0,0,71.2,160.4,69.0,30.1,0.0,0,0.0,3.8,0,0,0,0,0.0,0.0,0.0,0.0,0.5,1.46,1.96,7.03,3,10,7,31,48,9.6,,319,145,192,125,263,139,288,139,,,,,,,0.1,0.0,0.29,0.39,1.41,1.8,138,86,382,131,325,143,385,148,0.6,0.0
Antonín Kinsky,Spurs,GKP,4.5,20,0,2.9,18.5,0,0,630,2,7,0,0,0,10,1,0,0,102.6,0.0,0.0,10.3,0.0,0,0.0,4.4,0,0,0,0,0.0,0.0,0.0,0.0,0.0,0.0,0.0,5.55,7,0,10,33,0,0.0,,303,24,462,49,448,42,336,24,,,,,,,0.0,1.43,0.0,0.0,0.79,1.0,449,37,142,38,182,22,19,4,1.0,0.29
Chadi Chadi Riad,Crystal Palace,DEF,4.5,20,0,2.2,0.1,0,1,550,1,8,0,0,0,0,2,0,0,117.8,23.9,41.0,18.3,0.0,0,0.0,4.4,0,0,0,0,0.0,0.0,0.0,0.0,0.33,0.13,0.46,9.09,6,8,37,32,45,7.36,,296,106,318,111,283,93,312,107,,,,,,,0.05,0.0,0.02,0.07,1.49,1.31,464,126,157,99,264,102,430,147,0.98,0.16
Jorrel Hato,Chelsea,DEF,4.5,19,0,0.9,1.2,0,0,1139,0,27,0,0,0,0,7,0,0,233.2,114.9,36.0,38.4,0.0,0,0.0,4.2,0,0,0,0,0.0,0.0,0.0,0.0,0.3,0.61,0.91,18.5,12,36,63,50,99,7.82,,232,88,227,66,290,97,270,89,,,,,,,0.02,0.0,0.05,0.07,1.46,2.13,473,130,166,103,392,131,180,67,0.95,0.0
Veljko Milosavljević,Bournemouth,DEF,5.0,19,0,2.7,0.1,0,0,367,1,6,0,0,0,0,0,0,0,98.4,13.9,10.0,12.2,0.0,0,0.0,3.8,0,0,0,0,0.0,0.0,0.0,0.0,0.15,0.19,0.34,4.42,4,5,34,13,39,9.56,,306,111,331,117,328,118,330,114,,,,,,,0.04,0.0,0.05,0.09,1.08,1.47,366,73,345,153,207,85,460,159,0.98,0.25
Rico Lewis,Man City,DEF,4.5,19,0,1.7,0.2,0,1,401,1,7,0,0,0,0,2,0,2,70.8,112.5,55.0,23.8,0.0,0,0.0,4.2,0,0,0,0,0.0,0.0,0.0,0.0,0.19,1.39,1.58,6.81,4,5,14,15,19,4.26,,320,114,229,68,274,88,304,103,,,,,,,0.04,0.0,0.31,0.35,1.53,1.57,448,121,141,94,312,115,351,120,0.9,0.22
Tyler Dibling,Everton,MID,5.5,18,0,1.3,0.1,0,0,349,2,2,0,0,0,0,2,0,0,46.0,61.0,32.0,13.6,0.0,0,0.0,3.3,0,0,0,0,0.0,0.0,0.0,0.0,0.2,0.14,0.34,6.65,4,7,11,22,40,10.32,,336,152,274,150,296,154,324,153,,,,,,,0.05,0.0,0.04,0.09,1.71,0.52,188,116,432,161,346,158,484,197,1.03,0.52
Joël Piroe,Leeds,FWD,5.0,17,0,1.1,0.5,0,0,244,1,9,0,0,0,0,0,0,0,13.6,38.1,120.0,16.5,0.0,0,0.0,3.4,0,0,0,0,0.0,0.0,0.0,0.0,0.9,0.13,1.03,6.81,2,2,2,10,14,5.16,,362,40,300,38,216,37,319,39,,,,,3.0,,0.33,0.0,0.05,0.38,2.51,3.32,277,50,256,17,353,41,247,43,0.74,0.37
Christantus Uche,Crystal Palace,FWD,5.0,17,0,1.2,0.0,0,1,159,0,4,0,0,0,0,0,0,0,13.2,7.1,73.0,8.8,0.0,0,0.0,3.4,0,0,0,0,0.0,0.0,0.0,0.0,0.49,0.01,0.5,4.63,0,1,3,9,13,7.36,has returned to Getafe CF,364,41,348,43,257,40,343,41,,,,,,,0.28,0.0,0.01,0.29,2.62,2.26,372,56,351,23,349,39,567,68,0.0,0.0
James McAtee,Nott'm Forest,MID,5.5,17,0,1.2,0.1,0,1,288,0,9,0,0,0,0,1,0,0,51.6,82.0,39.0,17.3,0.0,0,0.0,3.1,0,0,0,0,0.0,0.0,0.0,0.0,0.18,0.37,0.55,7.34,2,7,7,18,32,10.0,,334,150,255,142,287,151,316,151,,,,,,,0.06,0.0,0.12,0.18,2.29,2.81,154,97,398,142,351,161,489,200,0.62,0.0
Melker Ellborg,Sunderland,GKP,4.5,16,0,5.3,0.1,0,0,270,1,2,0,0,0,10,0,0,3,73.6,0.0,0.0,7.4,0.0,0,0.0,3.6,0,0,0,0,0.0,0.0,0.0,0.0,0.0,0.02,0.02,4.1,3,0,6,33,0,0.0,,317,27,469,51,457,45,350,27,,,,,,,0.0,3.33,0.01,0.01,1.37,0.67,463,40,156,41,6,2,406,47,1.0,0.33
Stefanos Tzimas,Brighton,FWD,5.5,16,0,1.8,0.0,1,1,132,0,2,0,0,0,0,0,0,0,66.6,65.7,44.0,17.7,0.0,0,0.0,2.9,0,0,0,0,0.0,0.0,0.0,0.0,0.44,0.11,0.55,2.59,1,3,2,10,15,10.23,Knee injury - 75% chance of playing,325,37,268,32,280,41,314,38,,,,,,,0.3,0.0,0.08,0.38,1.77,1.36,211,44,455,41,309,32,507,65,0.68,0.0
Marco M.Bizot,Aston Villa,GKP,4.5,16,0,2.3,0.1,0,0,585,1,10,0,0,0,19,2,0,0,139.2,0.0,0.0,13.9,0.0,0,0.0,3.6,0,0,0,0,0.0,0.0,0.0,0.0,0.0,0.0,0.0,11.02,6,0,10,53,0,0.0,,283,21,436,35,419,26,323,21,,,,,,,0.0,2.92,0.0,0.0,1.7,1.54,377,21,70,22,253,25,414,49,0.92,0.15
Tyrique George,Everton,MID,5.5,16,0,1.1,0.1,0,0,351,1,9,0,0,0,0,2,0,0,44.2,66.2,132.0,23.9,0.0,0,0.0,2.9,0,0,0,0,0.0,0.0,0.0,0.0,0.64,1.19,1.83,6.49,1,7,2,14,23,5.9,,339,155,267,148,204,114,303,145,,,,,,,0.16,0.0,0.31,0.47,1.66,2.31,202,127,446,172,355,164,396,153,0.26,0.26
Max Dowman,Arsenal,MID,5.5,16,0,2.7,0.2,1,1,152,1,1,0,0,0,0,0,0,0,45.2,55.5,65.0,16.6,0.0,0,0.0,2.9,0,0,0,0,0.0,0.0,0.0,0.0,1.19,0.3,1.49,0.88,1,2,1,13,16,9.47,,338,154,279,153,264,140,318,152,,,,,,,0.7,0.0,0.18,0.88,0.52,0.59,212,133,456,178,212,83,337,125,0.59,0.59
Matt O'Riley,Brighton,MID,5.5,16,0,2.7,0.1,1,0,202,1,3,0,0,0,0,0,0,2,65.4,67.7,63.0,19.6,0.0,0,0.0,2.9,0,0,0,0,0.0,0.0,0.0,0.0,1.21,0.18,1.39,2.53,2,5,3,2,10,4.46,,328,147,265,147,267,143,310,148,,,,,2.0,,0.54,0.0,0.08,0.62,1.13,1.34,140,87,384,132,210,82,426,169,0.89,0.45
Harrison Reed,Fulham,MID,4.5,15,0,2.1,1.1,1,0,89,0,4,0,0,0,0,0,0,2,42.0,44.4,11.0,9.7,0.0,0,0.0,3.3,0,0,0,0,0.0,0.0,0.0,0.0,0.13,0.45,0.58,3.43,1,0,1,5,6,6.07,,342,157,293,157,325,166,338,158,,,,,,,0.13,0.0,0.46,0.59,3.47,4.04,395,228,88,3,273,117,191,63,1.01,0.0
Ethan Pinnock,Brentford,DEF,4.5,14,0,3.5,0.1,0,0,318,1,5,1,0,0,0,1,0,2,88.6,1.2,33.0,12.3,0.0,0,0.0,3.1,0,0,0,0,0.0,0.0,0.0,0.0,0.01,0.06,0.07,3.7,4,5,37,11,42,11.89,,310,113,370,129,295,99,328,112,,,,,,,0.0,0.0,0.02,0.02,1.05,1.42,420,102,113,75,99,39,443,153,1.13,0.28
Romaine Mundle,Sunderland,MID,5.0,14,0,1.0,0.0,0,0,399,0,11,0,0,0,0,1,0,0,29.4,33.6,69.0,12.7,0.0,0,0.0,2.8,0,0,0,0,0.0,0.0,0.0,0.0,0.87,0.48,1.35,8.54,2,5,6,22,33,7.44,,349,162,303,160,262,138,327,154,,,,,,,0.2,0.0,0.11,0.31,1.93,2.48,299,177,278,69,379,175,545,235,0.45,0.0
Marc Marc Guiu,Chelsea,FWD,5.0,13,0,1.3,0.4,0,1,265,0,3,0,0,0,0,1,0,0,24.6,40.1,86.0,13.1,0.0,0,0.0,2.6,0,0,0,0,0.0,0.0,0.0,0.0,1.54,0.29,1.83,5.89,1,0,4,4,8,2.72,,353,39,297,36,247,39,325,40,,,,,,,0.52,0.0,0.1,0.62,2.0,1.02,327,53,306,20,344,38,268,48,0.34,0.0
Nilson Angulo,Sunderland,MID,5.0,13,0,1.6,0.1,0,0,401,1,6,0,0,0,0,1,0,0,45.4,44.3,89.0,17.8,0.0,0,0.0,2.6,0,0,0,0,0.0,0.0,0.0,0.0,0.77,0.12,0.89,7.26,5,10,16,9,35,7.86,,337,153,294,158,246,132,313,149,,,,,,,0.17,0.0,0.03,0.2,1.63,1.35,346,204,325,96,323,141,462,185,1.12,0.22
James Trafford,Man City,GKP,5.0,13,0,3.2,1.4,0,0,360,1,6,0,0,0,14,0,0,0,118.0,0.0,0.0,11.9,0.0,0,0.0,2.6,0,0,0,0,0.0,0.0,0.0,0.0,0.0,0.0,0.0,5.74,4,2,6,35,0,0.0,,295,23,507,58,504,56,331,23,,,,,,,0.0,3.5,0.0,0.0,1.44,1.5,285,13,264,53,147,20,163,24,1.0,0.25
Reiss Nelson,Arsenal,MID,5.5,13,0,1.3,0.0,0,1,118,0,2,0,0,0,0,0,0,0,42.6,32.6,29.0,10.0,0.0,0,0.0,2.4,0,0,0,0,0.0,0.0,0.0,0.0,0.71,0.11,0.82,3.02,0,4,3,16,23,17.54,,340,156,306,161,301,156,337,157,,,,,,,0.54,0.0,0.08,0.62,2.3,1.53,129,81,373,126,345,157,548,238,0.0,0.0
Roméo Lavia,Chelsea,MID,5.0,13,0,1.1,0.0,0,0,374,0,10,0,0,0,0,0,0,0,34.4,46.6,14.0,9.5,0.0,0,0.0,2.6,0,0,0,0,0.0,0.0,0.0,0.0,0.21,0.55,0.76,8.53,4,8,9,20,37,8.9,,344,159,292,156,321,163,340,160,,,,,,,0.05,0.0,0.13,0.18,2.05,2.41,338,197,317,89,354,163,497,204,0.96,0.0
Fábio Carvalho,Brentford,MID,5.0,13,0,2.2,0.0,1,0,100,0,4,0,0,0,0,0,0,1,39.0,6.5,36.0,8.1,0.0,0,0.0,2.6,0,0,0,0,0.0,0.0,0.0,0.0,0.7,0.03,0.73,2.08,1,3,0,5,8,7.2,Knee injury - Unknown return date,343,158,349,173,291,152,345,162,,,,,,,0.63,0.0,0.03,0.66,1.87,3.6,280,168,259,60,268,113,560,247,0.9,0.0
Jair Jair Cunha,Nott'm Forest,DEF,4.5,13,0,1.4,0.5,0,0,514,0,7,0,0,0,0,0,0,0,98.0,15.2,29.0,14.2,0.0,0,0.0,2.9,0,0,0,0,0.0,0.0,0.0,0.0,0.27,0.06,0.33,10.35,6,9,38,13,47,8.23,,307,112,329,115,300,102,322,111,,,,,,,0.05,0.0,0.01,0.06,1.81,1.23,482,133,175,106,335,120,255,90,1.05,0.0
Jack Harrison,Leeds,MID,5.0,12,0,1.1,0.0,0,0,262,0,5,0,0,0,0,0,0,0,30.0,49.4,35.0,11.5,0.0,0,0.0,2.4,0,0,0,0,0.0,0.0,0.0,0.0,0.28,0.23,0.51,3.82,1,5,6,13,24,8.24,Has joined New England Revolution permanently,348,161,285,154,294,153,332,155,,,,,,,0.1,0.0,0.08,0.18,1.31,1.72,263,160,242,52,352,162,528,220,0.34,0.0
Endo Endo,Liverpool,MID,5.0,12,0,1.5,0.0,0,1,170,1,5,0,0,0,0,1,0,0,56.0,18.1,6.0,8.0,0.0,0,0.0,2.4,0,0,0,0,0.0,0.0,0.0,0.0,0.04,0.05,0.09,4.11,1,7,13,3,23,12.18,Ankle injury - 75% chance of playing,333,149,325,166,335,170,346,163,,,,,,,0.02,0.0,0.03,0.05,2.18,2.65,235,144,214,36,330,146,556,244,0.53,0.53
Frank Onyeka,Coventry City,MID,5.0,12,0,2.0,0.2,0,2,88,0,2,0,0,0,0,0,0,0,28.4,13.6,4.0,4.6,0.0,0,0.0,2.4,0,0,0,0,0.0,0.0,0.0,0.0,0.0,0.36,0.36,2.02,0,2,3,5,10,10.23,,350,163,332,168,343,175,361,168,,,,,,,0.0,0.0,0.37,0.37,2.07,2.05,284,171,263,63,286,121,374,141,0.0,0.0
John Victor John,Nott'm Forest,GKP,4.5,11,0,2.2,0.1,0,0,437,1,8,0,0,0,6,1,0,0,56.4,0.0,0.0,5.7,0.0,0,0.0,2.4,0,0,0,0,0.0,0.0,0.0,0.0,0.0,0.0,0.0,6.13,5,0,4,26,0,0.0,,332,28,450,45,434,37,355,28,,,,,,,0.0,1.24,0.0,0.0,1.26,1.65,415,32,108,33,263,26,448,54,1.03,0.21
Ben Gannon-Doak,Bournemouth,MID,5.0,11,0,1.4,0.2,0,1,105,0,1,0,0,0,0,0,0,0,32.4,17.8,39.0,8.9,0.0,0,0.0,2.2,0,0,0,0,0.0,0.0,0.0,0.0,0.26,0.13,0.39,4.74,0,6,1,6,13,11.14,,347,160,326,167,286,150,341,161,,,,,,,0.22,0.0,0.11,0.33,4.06,0.86,325,189,304,81,337,151,383,146,0.0,0.0
Luca Netz,Nott'm Forest,DEF,4.5,11,0,1.6,0.0,0,0,353,0,5,0,0,0,0,0,0,0,63.4,30.1,10.0,10.4,0.0,0,0.0,2.4,0,0,0,0,0.0,0.0,0.0,0.0,0.0,0.41,0.41,7.87,3,12,15,15,27,6.88,,329,118,311,107,326,117,335,116,,,,,,,0.0,0.0,0.1,0.1,2.01,1.27,445,119,138,92,320,116,518,175,0.76,0.0
Altay Bayindir,Man Utd,GKP,4.5,11,0,1.8,0.2,0,0,540,0,11,0,0,0,13,0,0,0,118.4,10.0,0.0,12.8,0.0,0,0.0,2.4,0,0,0,0,0.0,0.0,0.0,0.0,0.0,0.05,0.05,9.24,6,0,7,39,0,0.0,,294,22,340,9,441,39,326,22,,,,,,,0.0,2.17,0.01,0.01,1.54,1.83,438,34,131,35,300,29,373,42,1.0,0.0
Diego Coppola,Brighton,DEF,4.5,10,0,2.0,0.0,0,0,193,1,3,0,0,0,0,2,0,0,42.4,3.7,2.0,4.8,0.0,0,0.0,2.2,0,0,0,0,0.0,0.0,0.0,0.0,0.0,0.01,0.01,4.52,2,2,16,6,18,8.39,,341,119,357,125,352,128,359,123,,,,,,,0.0,0.0,0.0,0.0,2.11,1.4,472,129,165,102,283,108,520,176,0.93,0.47
Ben Davies,Spurs,DEF,4.0,10,0,3.3,0.8,1,0,136,0,3,0,0,0,0,1,0,1,67.4,22.2,52.0,14.2,0.0,0,0.0,2.5,0,0,0,0,0.0,0.0,0.0,0.0,0.49,0.07,0.56,1.11,2,5,9,5,14,9.26,,324,115,322,112,276,90,321,110,,,,,,,0.32,0.0,0.05,0.37,0.73,1.99,511,143,11,4,124,47,208,76,1.32,0.0
Arnaud Kalimuendo,Nott'm Forest,FWD,5.5,9,0,1.0,0.1,0,0,89,0,3,0,0,0,0,0,0,0,6.8,17.7,39.0,6.3,0.0,0,0.0,1.6,0,0,0,0,0.0,0.0,0.0,0.0,0.44,0.02,0.46,1.57,0,1,1,4,6,6.07,,374,42,327,41,288,42,353,42,,,,,,,0.44,0.0,0.02,0.46,1.59,3.03,172,40,416,37,388,46,458,63,0.0,0.0
Filip Jörgensen,Chelsea,GKP,5.0,9,0,1.8,0.1,0,0,378,0,5,0,0,0,8,0,0,0,79.8,0.0,0.0,7.9,0.0,0,0.0,1.8,0,0,0,0,0.0,0.0,0.0,0.0,0.0,0.0,0.0,4.12,3,0,3,34,0,0.0,,316,26,529,63,526,61,348,26,,,,,,,0.0,1.9,0.0,0.0,0.98,1.19,334,19,313,59,304,30,390,45,0.71,0.0
Mateo Kovačić,Man City,MID,5.5,9,0,1.5,0.0,0,1,125,0,3,0,0,0,0,0,0,0,46.0,65.5,3.0,11.5,0.0,0,0.0,1.6,0,0,0,0,0.0,0.0,0.0,0.0,0.13,0.42,0.55,4.0,1,2,6,10,18,12.96,,335,151,270,149,345,177,333,156,,,,,,,0.09,0.0,0.3,0.39,2.88,2.16,113,75,357,120,331,147,498,205,0.72,0.0
Ethan Nwaneri,Arsenal,MID,5.5,8,0,1.3,0.0,0,0,165,1,0,0,0,0,0,0,0,0,8.6,22.5,24.0,5.4,0.0,0,0.0,1.5,0,0,0,0,0.0,0.0,0.0,0.0,0.23,0.08,0.31,0.73,0,2,1,10,13,7.09,,372,171,321,165,306,158,356,166,,,,,,,0.13,0.0,0.04,0.17,0.4,0.0,190,118,434,163,347,159,533,225,0.0,0.55
Alex Tóth.A,Bournemouth,MID,5.0,8,0,0.9,0.0,0,0,135,0,3,0,0,0,0,1,0,0,18.6,60.2,18.0,9.6,0.0,0,0.0,1.6,0,0,0,0,0.0,0.0,0.0,0.0,0.11,0.33,0.44,4.9,2,1,8,8,17,11.33,,359,166,276,151,315,160,339,159,,,,,,,0.07,0.0,0.22,0.29,3.27,2.0,365,219,344,111,394,185,539,229,1.33,0.0
Levi Colwill,Chelsea,DEF,5.0,8,0,2.7,1.9,0,0,225,0,4,0,0,0,0,0,0,0,66.0,7.6,6.0,8.0,0.0,0,0.0,1.6,0,0,0,0,0.0,0.0,0.0,0.0,0.0,0.12,0.12,3.36,2,3,22,9,25,10.0,,326,116,347,121,336,122,347,118,,,,,,,0.0,0.0,0.05,0.05,1.34,1.6,298,57,277,137,205,84,131,51,0.8,0.0
Benoît B.Badiashile,Chelsea,DEF,4.5,7,0,0.9,0.0,0,0,470,0,10,0,0,0,0,2,0,0,102.8,7.9,2.0,11.4,0.0,0,0.0,1.6,0,0,0,0,0.0,0.0,0.0,0.0,0.0,0.06,0.06,7.41,6,7,41,16,48,9.19,,302,108,346,120,349,127,334,115,,,,,,,0.0,0.0,0.01,0.01,1.42,1.91,427,107,120,80,391,130,505,170,1.15,0.0
Walter Benitez,Crystal Palace,GKP,4.5,7,0,7.0,0.1,0,0,90,1,0,0,0,0,3,0,0,0,22.8,0.0,0.0,2.3,0.0,0,0.0,1.6,0,0,0,0,0.0,0.0,0.0,0.0,0.0,0.0,0.0,1.12,1,0,1,9,0,0.0,,355,29,444,41,427,32,370,29,,,,,,,0.0,3.0,0.0,0.0,1.12,0.0,390,27,83,28,1,1,425,51,1.0,1.0
Christian Nørgaard,Arsenal,MID,5.0,7,0,1.0,0.3,0,0,101,0,1,0,0,0,0,0,0,0,23.4,5.5,10.0,4.0,0.0,0,0.0,1.4,0,0,0,0,0.0,0.0,0.0,0.0,0.08,0.04,0.12,2.28,1,3,9,4,16,14.26,,354,164,353,174,327,167,363,169,,,,,,,0.07,0.0,0.04,0.11,2.03,0.89,227,138,206,30,377,173,314,110,0.89,0.0
Igor Julio Igor,Brighton,DEF,4.5,6,0,1.5,0.1,0,0,103,0,3,0,0,0,0,0,0,0,25.8,10.6,0.0,3.6,0.0,0,0.0,1.3,0,0,0,0,0.0,0.0,0.0,0.0,0.0,0.0,0.0,4.66,1,0,13,3,13,11.36,,351,122,337,118,435,170,365,125,,,,,,,0.0,0.0,0.0,0.0,4.07,2.62,416,98,109,71,329,118,449,154,0.87,0.0
Jonah Kusi-Asare,Fulham,FWD,4.5,6,0,0.9,8.3,0,0,49,0,2,0,0,0,0,1,0,0,3.2,12.0,8.0,2.3,0.0,0,0.0,1.3,0,0,0,0,0.0,0.0,0.0,0.0,0.0,0.07,0.07,1.1,0,1,0,4,5,9.18,,383,43,334,42,331,43,371,43,,,,,,,0.0,0.0,0.13,0.13,2.02,3.67,497,68,190,12,393,47,53,9,0.0,0.0
Trey Nyoni,Liverpool,MID,5.0,6,0,1.0,0.0,0,0,21,0,1,0,0,0,0,0,0,0,4.2,13.4,4.0,2.1,0.0,0,0.0,1.2,0,0,0,0,0.0,0.0,0.0,0.0,0.37,0.02,0.39,0.85,0,1,0,4,5,21.43,,378,175,333,169,344,176,372,172,,,,,,,1.59,0.0,0.09,1.68,3.64,4.29,360,216,339,108,383,179,494,203,0.0,0.0
Borna Sosa,Crystal Palace,DEF,4.5,6,0,0.9,0.0,0,0,99,0,2,0,0,0,0,1,0,0,12.6,24.1,8.0,4.5,0.0,0,0.0,1.3,0,0,0,0,0.0,0.0,0.0,0.0,0.04,0.07,0.11,0.9,0,3,6,3,9,8.18,,367,128,317,110,330,119,362,124,,,,,,,0.04,0.0,0.06,0.1,0.82,1.82,412,95,105,68,390,129,504,169,0.0,0.0
Freddie Woodman,Liverpool,GKP,4.0,6,0,2.0,1.3,0,0,212,0,4,0,0,0,9,0,0,0,83.8,0.0,0.0,8.4,0.0,0,0.0,1.5,0,0,0,0,0.0,0.0,0.0,0.0,0.0,0.0,0.0,4.76,2,0,4,22,0,0.0,,314,25,388,21,369,12,344,25,,,,,,,0.0,3.82,0.0,0.0,2.02,1.7,513,51,13,8,281,27,176,26,0.85,0.0
Max Alleyne,Man City,DEF,5.0,5,0,2.5,0.0,0,0,135,0,1,0,0,0,0,0,0,0,34.0,14.8,26.0,7.5,0.0,0,0.0,1.0,0,0,0,0,0.0,0.0,0.0,0.0,0.26,0.06,0.32,1.54,2,3,8,4,11,7.33,,345,120,330,116,304,104,349,119,,,,,,,0.17,0.0,0.04,0.21,1.03,0.67,324,67,303,147,232,96,508,171,1.33,0.0
Harvey Elliott,Liverpool,MID,5.5,5,0,1.0,0.1,0,0,110,0,2,0,0,0,0,0,0,0,11.8,31.7,31.0,7.4,0.0,0,0.0,0.9,0,0,0,0,0.0,0.0,0.0,0.0,0.29,0.08,0.37,1.74,1,0,2,4,6,4.91,,368,168,309,162,299,155,352,165,,,,,,,0.24,0.0,0.07,0.31,1.42,1.64,163,103,407,148,387,183,411,163,0.82,0.0
Tom Watson,Brighton,MID,5.0,5,0,0.8,0.0,0,0,57,0,2,0,0,0,0,1,0,0,6.0,2.4,7.0,1.6,0.0,0,0.0,1.0,0,0,0,0,0.0,0.0,0.0,0.0,0.04,0.03,0.07,1.72,0,1,0,4,5,7.89,Has joined Leicester City on loan for the rest of the season,376,173,364,180,334,169,378,177,,,,,,,0.06,0.0,0.05,0.11,2.72,3.16,353,211,332,103,398,187,531,223,0.0,0.0
Andrés A.García,Aston Villa,DEF,4.0,5,0,0.8,1.5,0,0,83,0,3,0,0,0,0,0,0,0,17.8,3.2,2.0,2.3,0.0,0,0.0,1.2,0,0,0,0,0.0,0.0,0.0,0.0,0.0,0.01,0.01,2.74,1,5,5,4,10,10.84,,360,125,359,126,348,126,369,128,,,,,,,0.0,0.0,0.01,0.01,2.97,3.25,563,182,63,43,395,132,155,56,1.08,0.0
Romain Esse,Crystal Palace,MID,5.0,4,0,1.0,0.1,0,0,40,0,0,0,0,0,0,0,0,0,6.8,2.7,6.0,1.5,0.0,0,0.0,0.8,0,0,0,0,0.0,0.0,0.0,0.0,0.0,0.04,0.04,1.74,0,3,0,2,5,11.25,,373,172,361,179,337,171,379,178,,,,,,,0.0,0.0,0.09,0.09,3.92,0.0,362,217,341,109,384,180,483,196,0.0,0.0
Harry Howell,Brighton,MID,4.5,4,0,1.3,0.3,0,0,92,0,2,0,0,0,0,0,0,0,10.2,5.1,2.0,1.8,0.0,0,0.0,0.9,0,0,0,0,0.0,0.0,0.0,0.0,0.0,0.03,0.03,1.04,1,1,3,3,7,6.85,,371,170,354,175,354,180,374,173,,,,,,,0.0,0.0,0.03,0.03,1.02,1.96,490,246,183,21,343,156,312,109,0.98,0.0
Facundo Buonanotte,Brighton,MID,5.0,3,0,0.8,0.1,0,0,81,0,4,0,0,0,0,1,0,0,13.2,40.0,21.0,7.4,0.0,0,0.0,0.6,0,0,0,0,0.0,0.0,0.0,0.0,0.06,0.28,0.34,2.51,1,1,2,3,6,6.67,,363,167,298,159,309,159,351,164,,,,,,,0.07,0.0,0.31,0.38,2.79,4.44,348,206,327,98,397,186,475,192,1.11,0.0
João Victor Souza,Spurs,DEF,4.0,3,0,0.8,0.3,0,0,142,0,3,0,0,0,0,1,0,0,12.8,31.9,17.0,6.2,0.0,0,0.0,0.8,0,0,0,0,0.0,0.0,0.0,0.0,0.02,0.03,0.05,2.61,2,0,6,3,6,3.8,,366,127,308,106,316,113,354,120,,,,,,,0.01,0.0,0.02,0.03,1.65,1.9,564,183,64,44,396,133,303,111,1.27,0.0
James Maddison,Spurs,MID,6.5,3,0,1.0,2.2,0,0,34,0,0,0,0,0,0,0,0,0,2.8,9.5,15.0,2.8,0.0,0,0.0,0.5,0,0,0,0,0.0,0.0,0.0,0.0,0.21,0.06,0.27,0.65,0,1,0,4,5,13.24,,385,180,344,172,319,162,368,171,,,,,,,0.56,0.0,0.16,0.72,1.72,0.0,34,22,516,214,389,184,119,38,0.0,0.0
Julio Soler,Bournemouth,DEF,4.0,3,0,1.0,0.6,0,0,34,0,2,0,0,0,0,0,0,0,1.8,2.5,2.0,0.6,0.0,0,0.0,0.8,0,0,0,0,0.0,0.0,0.0,0.0,0.0,0.0,0.0,1.62,0,1,0,4,1,2.65,,388,132,362,127,347,125,387,131,,,,,,,0.0,0.0,0.0,0.0,4.29,5.29,558,178,58,39,360,125,244,86,0.0,0.0
Mamadou M.Sarr,Chelsea,DEF,4.5,3,0,1.0,0.1,0,0,100,0,3,0,0,0,0,0,0,0,6.4,0.1,7.0,1.3,0.0,0,0.0,0.7,0,0,0,0,0.0,0.0,0.0,0.0,0.35,0.0,0.35,1.63,1,1,7,2,8,7.2,,375,130,376,132,333,121,384,130,,,,,,,0.32,0.0,0.0,0.32,1.47,2.7,481,132,174,105,369,128,451,156,0.9,0.0
Jack J.Fletcher,Man Utd,MID,5.0,3,0,1.0,0.0,0,0,107,0,0,0,0,0,0,0,0,0,18.6,24.4,5.0,4.8,0.0,0,0.0,0.6,0,0,0,0,0.0,0.0,0.0,0.0,0.03,0.02,0.05,1.86,0,5,2,4,11,9.25,,358,165,316,164,339,172,360,167,,,,,,,0.03,0.0,0.02,0.05,1.56,0.0,351,209,330,101,381,177,547,237,0.0,0.0
Alysson Edward Franco Alysson,Aston Villa,MID,5.0,3,0,1.0,0.0,0,0,47,0,2,0,0,0,0,0,0,0,3.2,3.5,10.0,1.5,0.0,0,0.0,0.6,0,0,0,0,0.0,0.0,0.0,0.0,0.05,0.05,0.1,1.87,0,0,1,3,4,7.66,,384,179,358,177,329,168,380,179,,,,,,,0.1,0.0,0.1,0.2,3.58,3.83,371,223,350,115,385,181,509,211,0.0,0.0
Shea Lacey,Man Utd,MID,5.0,3,0,1.0,0.1,0,0,40,0,0,0,0,0,0,0,0,0,4.0,2.1,16.0,1.7,0.0,0,0.0,0.6,0,0,0,0,0.0,0.0,0.0,0.0,0.1,0.01,0.11,0.51,0,1,0,2,3,6.75,,381,177,366,182,318,161,375,174,,,,,,,0.22,0.0,0.02,0.24,1.15,0.0,358,214,337,106,382,178,453,181,0.0,0.0
Zach Abbott,Nott'm Forest,DEF,4.0,3,0,1.0,0.2,0,0,165,0,4,0,0,0,0,0,0,0,25.4,6.4,0.0,3.2,0.0,0,0.0,0.8,0,0,0,0,0.0,0.0,0.0,0.0,0.0,0.01,0.01,3.47,2,4,9,10,13,7.09,,352,123,350,122,410,161,367,127,,,,,,,0.0,0.0,0.01,0.01,1.89,2.18,557,177,57,38,359,124,357,124,1.09,0.0
Divine Mukasa,Man City,MID,4.5,2,0,1.0,0.1,0,0,25,0,0,0,0,0,0,0,0,0,4.2,28.3,4.0,3.7,0.0,0,0.0,0.4,0,0,0,0,0.0,0.0,0.0,0.0,0.0,0.21,0.21,0.34,0,0,0,1,1,3.6,,377,174,313,163,341,173,364,170,,,,,,,0.0,0.0,0.76,0.76,1.22,0.0,487,245,180,20,372,170,387,150,0.0,0.0
Josh Dasilva,Brentford,MID,5.0,2,0,1.0,0.0,0,0,2,0,0,0,0,0,0,0,0,0,0.4,11.3,4.0,1.6,0.0,0,0.0,0.4,0,0,0,0,0.0,0.0,0.0,0.0,0.08,0.0,0.08,0.05,0,0,0,1,1,45.0,,394,185,336,171,342,174,377,176,,,,,,,3.6,0.0,0.0,3.6,2.25,0.0,242,148,221,40,378,174,519,215,0.0,0.0
Tyler Fletcher,Man Utd,MID,4.5,2,0,1.0,0.3,0,0,17,0,0,0,0,0,0,0,0,0,0.8,3.0,0.0,0.3,0.0,0,0.0,0.4,0,0,0,0,0.0,0.0,0.0,0.0,0.0,0.01,0.01,0.33,0,0,0,2,2,10.59,,391,183,360,178,459,192,391,183,,,,,,,0.0,0.0,0.05,0.05,1.75,0.0,466,240,159,15,366,166,302,102,0.0,0.0
George George Hemmings,Aston Villa,MID,4.5,2,0,1.0,0.3,0,0,25,0,0,0,0,0,0,0,0,0,0.0,1.7,2.0,0.3,0.0,0,0.0,0.4,0,0,0,0,0.0,0.0,0.0,0.0,0.04,0.01,0.05,0.61,0,0,0,1,1,3.6,,485,197,369,185,353,179,392,184,,,,,,,0.14,0.0,0.04,0.18,2.2,0.0,485,244,178,19,371,169,308,105,0.0,0.0
Kepa Arrizabalaga,Arsenal,GKP,5.0,2,0,2.0,0.2,0,0,90,0,1,0,0,0,2,0,0,0,19.8,0.0,0.0,2.0,0.0,0,0.0,0.4,0,0,0,0,0.0,0.0,0.0,0.0,0.0,0.0,0.0,0.98,1,0,3,8,0,0.0,,357,30,489,56,483,51,373,30,,,,,,,0.0,2.0,0.0,0.0,0.98,1.0,224,8,203,48,285,28,381,43,1.0,0.0
Dane Scarlett,Spurs,FWD,4.5,2,0,1.0,1.7,0,0,7,0,0,0,0,0,0,0,0,0,1.0,4.1,2.0,0.7,0.0,0,0.0,0.4,0,0,0,0,0.0,0.0,0.0,0.0,0.0,0.01,0.01,0.03,0,0,0,1,1,12.86,,390,45,356,44,350,45,386,44,,,,,,,0.0,0.0,0.13,0.13,0.39,0.0,453,57,146,1,362,42,144,25,0.0,0.0
Alex A.Murphy,Newcastle,DEF,4.0,2,0,1.0,0.8,0,0,7,0,1,0,0,0,0,0,0,0,10.2,0.6,2.0,1.3,0.0,0,0.0,0.5,0,0,0,0,0.0,0.0,0.0,0.0,0.0,0.0,0.0,0.49,0,0,4,0,4,51.43,,370,129,372,130,346,124,382,129,,,,,,,0.0,0.0,0.0,0.0,6.3,12.86,555,175,55,36,357,122,207,75,0.0,0.0
Joél Drakes-Thomas,Crystal Palace,MID,4.5,2,0,1.0,0.1,0,0,7,0,1,0,0,0,0,0,0,0,1.4,1.0,0.0,0.3,0.0,0,0.0,0.4,0,0,0,0,0.0,0.0,0.0,0.0,0.0,0.0,0.0,0.73,0,1,0,2,3,38.57,,389,182,371,186,479,198,393,185,,,,,,,0.0,0.0,0.0,0.0,9.39,12.86,499,249,192,24,376,172,431,171,0.0,0.0
Rio Cardines,Crystal Palace,DEF,4.5,2,0,2.0,0.0,0,0,90,0,2,0,0,0,0,0,0,0,15.2,30.0,4.0,4.9,0.0,0,0.0,0.4,0,0,0,0,0.0,0.0,0.0,0.0,0.02,0.16,0.18,2.53,1,1,2,4,7,7.0,,361,126,312,108,340,123,358,122,,,,,,,0.02,0.0,0.16,0.18,2.53,2.0,486,135,179,108,284,109,526,179,1.0,0.0
Jenson Seelt,Sunderland,DEF,4.5,2,0,1.0,0.0,0,0,133,0,2,0,0,0,0,0,0,0,33.6,2.4,0.0,3.6,0.0,0,0.0,0.4,0,0,0,0,0.0,0.0,0.0,0.0,0.0,0.01,0.01,1.33,1,4,8,6,12,8.12,,346,121,363,128,458,175,366,126,,,,,,,0.0,0.0,0.01,0.01,0.9,1.35,465,127,158,100,365,127,538,181,0.68,0.0
Jun'ai Byfield,Spurs,DEF,4.0,1,0,1.0,0.1,0,0,1,0,0,0,0,0,0,0,0,0,0.4,0.5,0.0,0.1,0.0,0,0.0,0.2,0,0,0,0,0.0,0.0,0.0,0.0,0.0,0.0,0.0,0.0,0,0,0,0,0,0.0,,393,133,373,131,415,165,396,133,,,,,,,0.0,0.0,0.0,0.0,0.0,0.0,565,184,65,45,361,126,470,163,0.0,0.0
Dário D.Essugo,Chelsea,MID,4.5,1,0,0.3,0.2,0,0,26,0,1,0,0,0,0,2,0,0,11.4,2.1,2.0,1.6,0.0,0,0.0,0.2,0,0,0,0,0.0,0.0,0.0,0.0,0.0,0.01,0.01,0.55,0,6,1,1,8,27.69,,369,169,365,181,351,178,376,175,,,,,,,0.0,0.0,0.03,0.03,1.9,3.46,454,236,147,11,400,188,335,123,0.0,0.0
Antoni Milambo,Brentford,MID,5.0,1,0,1.0,0.0,0,0,45,0,3,0,0,0,0,0,0,0,4.0,1.8,0.0,0.6,0.0,0,0.0,0.2,0,0,0,0,0.0,0.0,0.0,0.0,0.0,0.01,0.01,1.49,1,2,0,2,4,8.0,Knee injury - 75% chance of playing,380,176,368,184,532,227,388,182,,,,,,,0.0,0.0,0.02,0.02,2.98,6.0,350,208,329,100,380,176,563,248,2.0,0.0
Shumaira Mheuka,Chelsea,FWD,4.5,1,0,1.0,0.4,0,0,1,0,0,0,0,0,0,0,0,0,2.0,0.3,0.0,0.2,0.0,0,0.0,0.2,0,0,0,0,0.0,0.0,0.0,0.0,0.0,0.0,0.0,0.05,0,0,1,0,1,90.0,,387,44,374,45,470,52,395,46,,,,,,,0.0,0.0,0.0,0.0,4.5,0.0,479,64,172,8,368,43,286,52,0.0,0.0
Tyler Fredricson,Man Utd,DEF,4.0,1,0,1.0,0.1,0,0,2,0,0,0,0,0,0,0,0,0,4.0,0.0,0.0,0.4,0.0,0,0.0,0.2,0,0,0,0,0.0,0.0,0.0,0.0,0.0,0.0,0.0,0.3,0,0,2,0,2,90.0,,379,131,428,164,409,160,390,132,,,,,,,0.0,0.0,0.0,0.0,13.5,0.0,556,176,56,37,358,123,450,155,0.0,0.0
Bradley Burrowes,Aston Villa,MID,4.5,1,0,1.0,1.0,0,0,16,0,1,0,0,0,0,0,0,0,0.0,0.3,0.0,0.0,0.0,0,0.0,0.2,0,0,0,0,0.0,0.0,0.0,0.0,0.0,0.0,0.0,0.9,0,0,0,1,1,5.62,,492,199,375,187,478,197,492,199,,,,,,,0.0,0.0,0.0,0.0,5.06,5.62,498,248,191,23,375,171,194,64,0.0,0.0
Kaye Furo,Brentford,FWD,4.5,1,0,1.0,0.9,0,0,1,0,0,0,0,0,0,0,0,0,0.0,0.0,0.0,0.0,0.0,0,0.0,0.2,0,0,0,0,0.0,0.0,0.0,0.0,0.0,0.0,0.0,0.02,0,0,0,0,0,0.0,,486,52,481,52,473,53,487,53,,,,,,,0.0,0.0,0.0,0.0,1.8,0.0,488,65,181,9,373,44,202,33,0.0,0.0
Callum Olusesi,Spurs,MID,4.5,1,0,1.0,0.9,0,0,14,0,0,0,0,0,0,0,0,0,0.6,1.8,0.0,0.2,0.0,0,0.0,0.2,0,0,0,0,0.0,0.0,0.0,0.0,0.0,0.01,0.01,0.75,0,0,0,2,2,12.86,,392,184,367,183,452,191,394,186,,,,,,,0.0,0.0,0.06,0.06,4.82,0.0,457,239,150,14,363,165,200,68,0.0,0.0
James Rowswell,Spurs,DEF,4.0,1,0,1.0,0.1,0,0,1,0,0,0,0,0,0,0,0,0,0.0,0.0,0.0,0.0,0.0,0,0.0,0.2,0,0,0,0,0.0,0.0,0.0,0.0,0.0,0.0,0.0,0.36,0,0,0,0,0,0.0,,437,160,422,159,403,155,439,160,,,,,,,0.0,0.0,0.0,0.0,32.4,0.0,549,170,49,31,356,121,438,150,0.0,0.0
Sean Neave,Newcastle,FWD,4.5,1,0,1.0,0.7,0,0,13,0,1,0,0,0,0,0,0,0,0.0,0.0,5.0,0.5,0.0,0,0.0,0.2,0,0,0,0,0.0,0.0,0.0,0.0,0.03,0.0,0.03,0.37,0,0,0,0,0,0.0,,488,54,483,54,338,44,389,45,,,,,,,0.21,0.0,0.0,0.21,2.56,6.92,491,67,184,11,374,45,221,36,0.0,0.0
Arthur Masuaku,Sunderland,DEF,4.0,1,0,0.3,1.4,0,0,125,0,2,0,0,0,0,1,0,0,21.8,20.1,7.0,4.9,0.0,0,0.0,0.2,0,0,0,0,0.0,0.0,0.0,0.0,0.07,0.08,0.15,2.09,2,4,6,3,10,7.2,,356,124,324,113,332,120,357,121,,,,,,,0.05,0.0,0.06,0.11,1.5,1.44,508,141,8,2,399,134,167,60,1.44,0.0
Hákon Rafn Valdimarsson,Brentford,GKP,4.5,1,0,1.0,0.1,0,0,90,0,3,0,0,0,1,0,0,0,13.0,0.0,0.0,1.3,0.0,0,0.0,0.2,0,0,0,0,0.0,0.0,0.0,0.0,0.0,0.0,0.0,0.97,1,0,0,7,0,0.0,,365,31,467,50,455,44,383,31,,,,,,,0.0,1.0,0.0,0.0,0.97,3.0,461,39,154,40,364,31,423,50,1.0,0.0
Nehemiah Oriola,Brighton,MID,4.5,1,0,1.0,0.2,0,0,1,0,0,0,0,0,0,0,0,0,0.0,0.0,0.0,0.0,0.0,0,0.0,0.2,0,0,0,0,0.0,0.0,0.0,0.0,0.0,0.0,0.0,0.0,0,0,0,0,0,0.0,,481,196,477,198,467,194,483,197,,,,,,,0.0,0.0,0.0,0.0,0.0,0.0,476,242,169,17,367,167,372,140,0.0,0.0
Bendito Bendito Mantato,Man Utd,MID,4.5,1,0,1.0,0.2,0,0,15,0,0,0,0,0,0,0,0,0,2.2,11.7,0.0,1.4,0.0,0,0.0,0.2,0,0,0,0,0.0,0.0,0.0,0.0,0.0,0.01,0.01,0.05,0,0,0,0,0,0.0,,386,181,335,170,472,195,381,180,,,,,,,0.0,0.0,0.06,0.06,0.3,0.0,483,243,176,18,370,168,344,131,0.0,0.0
Djiamgone Jocelin Ta Jocelin.T,Sunderland,MID,5.0,1,0,1.0,0.0,0,0,38,0,0,0,0,0,0,0,0,0,3.4,4.3,2.0,1.0,0.0,0,0.0,0.2,0,0,0,0,0.0,0.0,0.0,0.0,0.0,0.04,0.04,0.24,1,1,0,2,3,7.11,,382,178,355,176,356,181,385,181,,,,,,,0.0,0.0,0.09,0.09,0.57,0.0,373,224,352,116,386,182,550,240,2.37,0.0
Christos Tzolis,Arsenal,MID,6.5,0,0,0.0,1.7,0,0,0,0,0,0,0,0,0,0,0,0,0.0,0.0,0.0,0.0,0.0,0,0.0,0.0,0,0,0,0,0.0,0.0,0.0,0.0,0.0,0.0,0.0,0.0,0,0,0,0,0,0.0,,563,247,563,247,563,247,563,247,,,,,,,0.0,0.0,0.0,0.0,0.0,0.0,44,31,526,223,563,247,148,47,0.0,0.0
Anthony Patterson,Sunderland,GKP,4.0,0,0,0.0,1.1,0,0,0,0,0,0,0,0,0,0,0,0,0.0,0.0,0.0,0.0,0.0,0,0.0,0.0,0,0,0,0,0.0,0.0,0.0,0.0,0.0,0.0,0.0,0.0,0,0,0,0,0,0.0,,419,41,404,25,385,16,421,41,,,,,,,0.0,0.0,0.0,0.0,0.0,0.0,531,55,31,12,425,41,192,28,0.0,0.0
Leo Fuhr Hjelde,Sunderland,DEF,4.0,0,0,0.0,0.3,0,0,0,0,0,0,0,0,0,0,0,0,0.0,0.0,0.0,0.0,0.0,0,0.0,0.0,0,0,0,0,0.0,0.0,0.0,0.0,0.0,0.0,0.0,0.0,0,0,0,0,0,0.0,,432,157,417,156,398,152,434,157,,,,,,,0.0,0.0,0.0,0.0,0.0,0.0,544,167,44,28,438,158,295,108,0.0,0.0
Thomas Meunier,Sunderland,DEF,4.5,0,0,0.0,0.5,0,0,0,0,0,0,0,0,0,0,0,0,0.0,0.0,0.0,0.0,0.0,0,0.0,0.0,0,0,0,0,0.0,0.0,0.0,0.0,0.0,0.0,0.0,0.0,0,0,0,0,0,0.0,,450,170,439,170,422,168,452,170,,,,,,,0.0,0.0,0.0,0.0,0.0,0.0,381,77,74,50,455,170,264,96,0.0,0.0
Harry Amass,Man Utd,DEF,4.0,0,0,0.0,0.2,0,0,0,0,0,0,0,0,0,0,0,0,0.0,0.0,0.0,0.0,0.0,0,0.0,0.0,0,0,0,0,0.0,0.0,0.0,0.0,0.0,0.0,0.0,0.0,0,0,0,0,0,0.0,,444,166,430,166,412,163,446,166,,,,,,,0.0,0.0,0.0,0.0,0.0,0.0,560,180,60,41,449,166,359,125,0.0,0.0
Mikey Moore,Spurs,MID,5.0,0,0,0.0,0.1,0,0,0,0,0,0,0,0,0,0,0,0,0.0,0.0,0.0,0.0,0.0,0,0.0,0.0,0,0,0,0,0.0,0.0,0.0,0.0,0.0,0.0,0.0,0.0,0,0,0,0,0,0.0,,526,221,525,221,522,220,526,221,,,,,,,0.0,0.0,0.0,0.0,0.0,0.0,328,190,307,82,526,221,440,176,0.0,0.0
Dejan Kulusevski,Spurs,MID,6.5,0,0,0.0,0.0,0,0,0,0,0,0,0,0,0,0,0,0,0.0,0.0,0.0,0.0,0.0,0,0.0,0.0,0,0,0,0,0.0,0.0,0.0,0.0,0.0,0.0,0.0,0.0,0,0,0,0,0,0.0,Knee injury - Unknown return date,564,248,564,248,564,248,564,248,,,,,,,0.0,0.0,0.0,0.0,0.0,0.0,46,33,528,225,564,248,554,242,0.0,0.0
Illan Meslier,Arsenal,GKP,5.0,0,0,0.0,0.1,11,0,0,0,0,0,0,0,0,0,0,0,0.0,0.0,0.0,0.0,0.0,0,0.0,0.0,0,0,0,0,0.0,0.0,0.0,0.0,0.0,0.0,0.0,0.0,0,0,0,0,0,0.0,,511,62,508,59,505,57,511,62,,,,,,,0.0,0.0,0.0,0.0,0.0,0.0,287,14,266,54,511,62,467,55,0.0,0.0
Fábio Fábio Vieira,Arsenal,MID,5.5,0,0,0.0,0.0,0,0,0,0,0,0,0,0,0,0,0,0,0.0,0.0,0.0,0.0,0.0,0,0.0,0.0,0,0,0,0,0.0,0.0,0.0,0.0,0.0,0.0,0.0,0.0,0,0,0,0,0,0.0,,549,236,549,236,548,236,549,236,,,,,,,0.0,0.0,0.0,0.0,0.0,0.0,158,99,402,144,549,236,549,239,0.0,0.0
Chido Obi,Man Utd,FWD,4.5,0,0,0.0,1.2,0,0,0,0,0,0,0,0,0,0,0,0,0.0,0.0,0.0,0.0,0.0,0,0.0,0.0,0,0,0,0,0.0,0.0,0.0,0.0,0.0,0.0,0.0,0.0,0,0,0,0,0,0.0,,487,53,482,53,474,54,488,54,,,,,,,0.0,0.0,0.0,0.0,0.0,0.0,489,66,182,10,489,54,183,29,0.0,0.0
Ashley Phillips,Spurs,DEF,4.5,0,0,0.0,0.1,0,0,0,0,0,0,0,0,0,0,0,0,0.0,0.0,0.0,0.0,0.0,0,0.0,0.0,0,0,0,0,0.0,0.0,0.0,0.0,0.0,0.0,0.0,0.0,0,0,0,0,0,0.0,,476,176,472,176,462,176,478,176,,,,,,,0.0,0.0,0.0,0.0,0.0,0.0,469,128,162,101,481,176,463,161,0.0,0.0
Mark Gillespie,Newcastle,GKP,4.5,0,0,0.0,0.1,0,0,0,0,0,0,0,0,0,0,0,0,0.0,0.0,0.0,0.0,0.0,0,0.0,0.0,0,0,0,0,0.0,0.0,0.0,0.0,0.0,0.0,0.0,0.0,0,0,0,0,0,0.0,,449,50,438,37,421,28,451,50,,,,,,,0.0,0.0,0.0,0.0,0.0,0.0,379,23,72,24,454,50,491,59,0.0,0.0
Ewen Jaouen,Newcastle,GKP,4.5,0,0,0.0,0.1,0,0,0,0,0,0,0,0,0,0,0,0,0.0,0.0,0.0,0.0,0.0,0,0.0,0.0,0,0,0,0,0.0,0.0,0.0,0.0,0.0,0.0,0.0,0.0,0,0,0,0,0,0.0,,480,60,476,54,466,48,482,60,,,,,,,0.0,0.0,0.0,0.0,0.0,0.0,475,43,168,44,485,60,444,53,0.0,0.0
Julián J.Araujo,Bournemouth,DEF,4.5,0,0,0.0,0.1,0,0,0,0,0,0,0,0,0,0,0,0,0.0,0.0,0.0,0.0,0.0,0,0.0,0.0,0,0,0,0,0.0,0.0,0.0,0.0,0.0,0.0,0.0,0.0,0,0,0,0,0,0.0,,463,173,455,173,440,172,465,173,,,,,,,0.0,0.0,0.0,0.0,0.0,0.0,435,114,128,87,468,173,416,142,0.0,0.0
Bazoumana Touré,Newcastle,MID,6.0,0,0,0.0,0.2,0,0,0,0,0,0,0,0,0,0,0,0,0.0,0.0,0.0,0.0,0.0,0,0.0,0.0,0,0,0,0,0.0,0.0,0.0,0.0,0.0,0.0,0.0,0.0,0,0,0,0,0,0.0,,561,245,561,245,561,245,561,245,,,,,,,0.0,0.0,0.0,0.0,0.0,0.0,107,70,510,209,561,245,339,127,0.0,0.0
Toby Collyer,Man Utd,MID,5.0,0,0,0.0,0.0,0,0,0,0,0,0,0,0,0,0,0,0,0.0,0.0,0.0,0.0,0.0,0,0.0,0.0,0,0,0,0,0.0,0.0,0.0,0.0,0.0,0.0,0.0,0.0,0,0,0,0,0,0.0,,525,220,524,220,520,219,525,220,,,,,,,0.0,0.0,0.0,0.0,0.0,0.0,320,187,299,79,525,220,523,217,0.0,0.0
Sean Steur,Newcastle,MID,5.0,0,0,0.0,0.1,0,0,0,0,0,0,0,0,0,0,0,0,0.0,0.0,0.0,0.0,0.0,0,0.0,0.0,0,0,0,0,0.0,0.0,0.0,0.0,0.0,0.0,0.0,0.0,0,0,0,0,0,0.0,,540,230,540,230,538,230,540,230,,,,,,,0.0,0.0,0.0,0.0,0.0,0.0,368,221,347,113,540,230,407,161,0.0,0.0
Will Dennis,Bournemouth,GKP,4.0,0,0,0.0,0.2,0,0,0,0,0,0,0,0,0,0,0,0,0.0,0.0,0.0,0.0,0.0,0,0.0,0.0,0,0,0,0,0.0,0.0,0.0,0.0,0.0,0.0,0.0,0.0,0,0,0,0,0,0.0,,423,43,408,27,389,18,425,43,,,,,,,0.0,0.0,0.0,0.0,0.0,0.0,535,57,35,14,429,43,342,38,0.0,0.0
Fraser Forster,Bournemouth,GKP,4.0,0,0,0.0,3.1,0,0,0,0,0,0,0,0,0,0,0,0,0.0,0.0,0.0,0.0,0.0,0,0.0,0.0,0,0,0,0,0.0,0.0,0.0,0.0,0.0,0.0,0.0,0.0,0,0,0,0,0,0.0,,396,33,379,15,360,6,398,33,,,,,,,0.0,0.0,0.0,0.0,0.0,0.0,502,45,2,2,402,33,97,16,0.0,0.0
Aladji Bamba,Newcastle,MID,5.0,0,0,0.0,0.1,0,0,0,0,0,0,0,0,0,0,0,0,0.0,0.0,0.0,0.0,0.0,0,0.0,0.0,0,0,0,0,0.0,0.0,0.0,0.0,0.0,0.0,0.0,0.0,0,0,0,0,0,0.0,,539,229,539,229,537,229,539,229,,,,,,,0.0,0.0,0.0,0.0,0.0,0.0,367,220,346,112,539,229,420,167,0.0,0.0
Lukás Horníček,Newcastle,GKP,5.0,0,0,0.0,0.0,0,0,0,0,0,0,0,0,0,0,0,0,0.0,0.0,0.0,0.0,0.0,0,0.0,0.0,0,0,0,0,0.0,0.0,0.0,0.0,0.0,0.0,0.0,0.0,0,0,0,0,0,0.0,,520,63,519,62,515,59,520,63,,,,,,,0.0,0.0,0.0,0.0,0.0,0.0,307,17,286,57,520,63,561,63,0.0,0.0
Johan Manzambi,Aston Villa,MID,6.0,0,0,0.0,2.5,0,0,0,0,0,0,0,0,0,0,0,0,0.0,0.0,0.0,0.0,0.0,0,0.0,0.0,0,0,0,0,0.0,0.0,0.0,0.0,0.0,0.0,0.0,0.0,0,0,0,0,0,0.0,,562,246,562,246,562,246,562,246,,,,,,,0.0,0.0,0.0,0.0,0.0,0.0,109,72,512,211,562,246,112,36,0.0,0.0
Omar O.Richards,Nott'm Forest,DEF,4.0,0,0,0.0,0.2,0,0,0,0,0,0,0,0,0,0,0,0,0.0,0.0,0.0,0.0,0.0,0,0.0,0.0,0,0,0,0,0.0,0.0,0.0,0.0,0.0,0.0,0.0,0.0,0,0,0,0,0,0.0,,413,144,398,143,379,139,415,144,,,,,,,0.0,0.0,0.0,0.0,0.0,0.0,524,153,24,14,419,145,347,118,0.0,0.0
Marcus Rashford,Man Utd,MID,7.0,0,0,0.0,1.5,0,0,0,0,0,0,0,0,0,0,0,0,0.0,0.0,0.0,0.0,0.0,0,0.0,0.0,0,0,0,0,0.0,0.0,0.0,0.0,0.0,0.0,0.0,0.0,0,0,0,0,0,0.0,,567,250,567,250,567,250,567,250,,,,,,,0.0,0.0,0.0,0.0,0.0,0.0,23,14,538,232,567,250,159,53,0.0,0.0
Tyler Bindon,Nott'm Forest,DEF,4.0,0,0,0.0,0.2,0,0,0,0,0,0,0,0,0,0,0,0,0.0,0.0,0.0,0.0,0.0,0,0.0,0.0,0,0,0,0,0.0,0.0,0.0,0.0,0.0,0.0,0.0,0.0,0,0,0,0,0,0.0,,441,163,426,162,407,158,443,163,,,,,,,0.0,0.0,0.0,0.0,0.0,0.0,553,173,53,34,446,163,371,130,0.0,0.0
Samuel Iling Jr,Aston Villa,MID,5.0,0,0,0.0,0.0,0,0,0,0,0,0,0,0,0,0,0,0,0.0,0.0,0.0,0.0,0.0,0,0.0,0.0,0,0,0,0,0.0,0.0,0.0,0.0,0.0,0.0,0.0,0.0,0,0,0,0,0,0.0,,519,217,518,217,514,216,519,217,,,,,,,0.0,0.0,0.0,0.0,0.0,0.0,306,179,285,71,519,217,540,230,0.0,0.0
Xaver Schlager,Nott'm Forest,MID,5.0,0,0,0.0,0.1,0,0,0,0,0,0,0,0,0,0,0,0,0.0,0.0,0.0,0.0,0.0,0,0.0,0.0,0,0,0,0,0.0,0.0,0.0,0.0,0.0,0.0,0.0,0.0,0,0,0,0,0,0.0,,499,205,495,205,491,204,499,205,,,,,,,0.0,0.0,0.0,0.0,0.0,0.0,248,152,227,44,499,205,402,159,0.0,0.0
Kosta Nedeljkovic,Aston Villa,DEF,4.0,0,0,0.0,0.4,0,0,0,0,0,0,0,0,0,0,0,0,0.0,0.0,0.0,0.0,0.0,0,0.0,0.0,0,0,0,0,0.0,0.0,0.0,0.0,0.0,0.0,0.0,0.0,0,0,0,0,0,0.0,,445,167,431,167,413,164,447,167,,,,,,,0.0,0.0,0.0,0.0,0.0,0.0,561,181,61,42,450,167,271,100,0.0,0.0
Brandon Austin,Spurs,GKP,4.0,0,0,0.0,0.6,0,0,0,0,0,0,0,0,0,0,0,0,0.0,0.0,0.0,0.0,0.0,0,0.0,0.0,0,0,0,0,0.0,0.0,0.0,0.0,0.0,0.0,0.0,0.0,0,0,0,0,0,0.0,,414,40,399,24,380,15,416,40,,,,,,,0.0,0.0,0.0,0.0,0.0,0.0,525,54,25,11,420,40,242,34,0.0,0.0
Jake Bidwell,Coventry City,DEF,4.0,0,0,0.0,0.1,0,0,0,0,0,0,0,0,0,0,0,0,0.0,0.0,0.0,0.0,0.0,0,0.0,0.0,0,0,0,0,0.0,0.0,0.0,0.0,0.0,0.0,0.0,0.0,0,0,0,0,0,0.0,,399,134,383,133,364,129,401,134,,,,,,,0.0,0.0,0.0,0.0,0.0,0.0,506,140,6,1,405,135,410,139,0.0,0.0
Michael Svoboda,Brighton,DEF,5.0,0,0,0.0,0.1,0,0,0,0,0,0,0,0,0,0,0,0,0.0,0.0,0.0,0.0,0.0,0,0.0,0.0,0,0,0,0,0.0,0.0,0.0,0.0,0.0,0.0,0.0,0.0,0,0,0,0,0,0.0,,516,181,514,181,511,181,516,181,,,,,,,0.0,0.0,0.0,0.0,0.0,0.0,297,56,276,136,516,181,488,167,0.0,0.0
Álvaro Rodríguez,Bournemouth,FWD,6.0,0,0,0.0,0.3,0,0,0,0,0,0,0,0,0,0,0,0,0.0,0.0,0.0,0.0,0.0,0,0.0,0.0,0,0,0,0,0.0,0.0,0.0,0.0,0.0,0.0,0.0,0.0,0,0,0,0,0,0.0,,560,67,560,67,560,67,560,67,,,,,,,0.0,0.0,0.0,0.0,0.0,0.0,104,26,507,56,560,67,323,57,0.0,0.0
Axel Disasi,Chelsea,DEF,4.5,0,0,0.0,0.1,0,0,0,0,0,0,0,0,0,0,0,0,0.0,0.0,0.0,0.0,0.0,0,0.0,0.0,0,0,0,0,0.0,0.0,0.0,0.0,0.0,0.0,0.0,0.0,0,14,74,32,88,0.0,,458,171,449,171,433,169,460,171,,,,,,,0.0,0.0,0.0,0.0,0.0,0.0,413,96,106,69,463,171,459,158,0.0,0.0
John Egan,Hull City,DEF,4.0,0,0,0.0,0.8,0,0,0,0,0,0,0,0,0,0,0,0,0.0,0.0,0.0,0.0,0.0,0,0.0,0.0,0,0,0,0,0.0,0.0,0.0,0.0,0.0,0.0,0.0,0.0,0,0,0,0,0,0.0,,401,135,385,134,366,130,403,135,,,,,,,0.0,0.0,0.0,0.0,0.0,0.0,509,142,9,3,407,136,205,73,0.0,0.0
Thimothée Lo-Tutala,Hull City,GKP,4.0,0,0,0.0,0.2,0,0,0,0,0,0,0,0,0,0,0,0,0.0,0.0,0.0,0.0,0.0,0,0.0,0.0,0,0,0,0,0.0,0.0,0.0,0.0,0.0,0.0,0.0,0.0,0,0,0,0,0,0.0,,424,44,409,28,390,19,426,44,,,,,,,0.0,0.0,0.0,0.0,0.0,0.0,536,58,36,15,430,44,352,39,0.0,0.0
Harvey Cartwright,Hull City,GKP,4.0,0,0,0.0,0.1,0,0,0,0,0,0,0,0,0,0,0,0,0.0,0.0,0.0,0.0,0.0,0,0.0,0.0,0,0,0,0,0.0,0.0,0.0,0.0,0.0,0.0,0.0,0.0,0,0,0,0,0,0.0,Has joined Grimsby Town on loan for the rest of the season,435,47,420,31,401,22,437,47,,,,,,,0.0,0.0,0.0,0.0,0.0,0.0,547,61,47,18,441,47,389,44,0.0,0.0
Jack Butland,Hull City,GKP,4.5,0,0,0.0,1.0,0,0,0,0,0,0,0,0,0,0,0,0,0.0,0.0,0.0,0.0,0.0,0,0.0,0.0,0,0,0,0,0.0,0.0,0.0,0.0,0.0,0.0,0.0,0.0,0,0,0,0,0,0.0,,452,51,441,38,424,29,454,51,,,,,,,0.0,0.0,0.0,0.0,0.0,0.0,384,24,77,25,457,51,193,29,0.0,0.0
Dillon Phillips,Hull City,GKP,4.0,0,0,0.0,2.2,0,0,0,0,0,0,0,0,0,0,0,0,0.0,0.0,0.0,0.0,0.0,0,0.0,0.0,0,0,0,0,0.0,0.0,0.0,0.0,0.0,0.0,0.0,0.0,0,0,0,0,0,0.0,,405,38,390,22,371,13,407,38,,,,,,,0.0,0.0,0.0,0.0,0.0,0.0,516,52,16,9,411,38,118,19,0.0,0.0
Marco Palestra,Chelsea,DEF,5.5,0,0,0.0,1.5,0,0,0,0,0,0,0,0,0,0,0,0,0.0,0.0,0.0,0.0,0.0,0,0.0,0.0,0,0,0,0,0.0,0.0,0.0,0.0,0.0,0.0,0.0,0.0,0,0,0,0,0,0.0,,558,186,558,186,557,186,558,186,,,,,,,0.0,0.0,0.0,0.0,0.0,0.0,213,32,457,176,558,186,158,58,0.0,0.0
Alfie McNally,Fulham,GKP,4.0,0,0,0.0,0.3,0,0,0,0,0,0,0,0,0,0,0,0,0.0,0.0,0.0,0.0,0.0,0,0.0,0.0,0,0,0,0,0.0,0.0,0.0,0.0,0.0,0.0,0.0,0.0,0,0,0,0,0,0.0,,439,48,424,32,405,23,441,48,,,,,,,0.0,0.0,0.0,0.0,0.0,0.0,551,62,51,19,444,48,313,36,0.0,0.0
António João Silva,Bournemouth,DEF,5.0,0,0,0.0,0.0,0,0,0,0,0,0,0,0,0,0,0,0,0.0,0.0,0.0,0.0,0.0,0,0.0,0.0,0,0,0,0,0.0,0.0,0.0,0.0,0.0,0.0,0.0,0.0,0,0,0,0,0,0.0,,522,182,521,182,517,182,522,182,,,,,,,0.0,0.0,0.0,0.0,0.0,0.0,311,62,290,142,522,182,562,185,0.0,0.0
Benjamin Lecomte,Fulham,GKP,4.0,0,0,0.0,1.5,0,0,0,0,0,0,0,0,0,0,0,0,0.0,0.0,0.0,0.0,0.0,0,0.0,0.0,0,0,0,0,0.0,0.0,0.0,0.0,0.0,0.0,0.0,0.0,0,0,0,0,0,0.0,,400,36,384,19,365,10,402,36,,,,,,,0.0,0.0,0.0,0.0,0.0,0.0,507,49,7,6,406,36,161,23,0.0,0.0
Hayden Hackney,Everton,MID,5.5,0,0,0.0,0.3,0,0,0,0,0,0,0,0,0,0,0,0,0.0,0.0,0.0,0.0,0.0,0,0.0,0.0,0,0,0,0,0.0,0.0,0.0,0.0,0.0,0.0,0.0,0.0,0,0,0,0,0,0.0,,548,235,548,235,547,235,548,235,,,,,,,0.0,0.0,0.0,0.0,0.0,0.0,149,93,393,138,548,235,301,101,0.0,0.0
Geovany Quenda,Chelsea,MID,5.5,0,0,0.0,0.0,0,0,0,0,0,0,0,0,0,0,0,0,0.0,0.0,0.0,0.0,0.0,0,0.0,0.0,0,0,0,0,0.0,0.0,0.0,0.0,0.0,0.0,0.0,0.0,0,0,0,0,0,0.0,Unspecified injury - 75% chance of playing,557,243,557,243,556,243,557,243,,,,,,,0.0,0.0,0.0,0.0,0.0,0.0,210,132,454,177,557,243,501,208,0.0,0.0
Nicolas N.Jackson,Chelsea,FWD,6.5,0,0,0.0,0.4,0,0,0,0,0,0,0,0,0,0,0,0,0.0,0.0,0.0,0.0,0.0,0,0.0,0.0,0,0,0,0,0.0,0.0,0.0,0.0,0.0,0.0,0.0,0.0,0,0,0,0,0,0.0,,565,68,565,68,565,68,565,68,,,,,,,0.0,0.0,0.0,0.0,0.0,0.0,52,12,534,58,565,68,282,50,0.0,0.0
Adam Aznou,Everton,DEF,4.0,0,0,0.0,0.2,0,0,0,0,0,0,0,0,0,0,0,0,0.0,0.0,0.0,0.0,0.0,0,0.0,0.0,0,0,0,0,0.0,0.0,0.0,0.0,0.0,0.0,0.0,0.0,0,0,0,0,0,0.0,,436,159,421,158,402,154,438,159,,,,,,,0.0,0.0,0.0,0.0,0.0,0.0,548,169,48,30,442,160,355,122,0.0,0.0
Emmanuel Emegha,Chelsea,FWD,5.0,0,0,0.0,0.2,0,0,0,0,0,0,0,0,0,0,0,0,0.0,0.0,0.0,0.0,0.0,0,0.0,0.0,0,0,0,0,0.0,0.0,0.0,0.0,0.0,0.0,0.0,0.0,0,0,0,0,0,0.0,Hamstring injury - 75% chance of playing,529,61,528,61,525,61,529,61,,,,,,,0.0,0.0,0.0,0.0,0.0,0.0,332,54,311,21,529,61,346,59,0.0,0.0
Charlie Hughes,Hull City,DEF,4.0,0,0,0.0,1.7,0,0,0,0,0,0,0,0,0,0,0,0,0.0,0.0,0.0,0.0,0.0,0,0.0,0.0,0,0,0,0,0.0,0.0,0.0,0.0,0.0,0.0,0.0,0.0,0,0,0,0,0,0.0,Groin injury - Unknown return date,438,161,423,160,404,156,440,161,,,,,,,0.0,0.0,0.0,0.0,0.0,0.0,550,171,50,32,443,161,149,55,0.0,0.0
Semi Ajayi,Hull City,DEF,4.0,0,0,0.0,0.6,0,0,0,0,0,0,0,0,0,0,0,0,0.0,0.0,0.0,0.0,0.0,0,0.0,0.0,0,0,0,0,0.0,0.0,0.0,0.0,0.0,0.0,0.0,0.0,0,0,0,0,0,0.0,,403,136,387,135,368,131,405,136,,,,,,,0.0,0.0,0.0,0.0,0.0,0.0,512,144,12,5,409,137,236,83,0.0,0.0
Lewie Coyle,Hull City,DEF,4.0,0,0,0.0,0.3,0,0,0,0,0,0,0,0,0,0,0,0,0.0,0.0,0.0,0.0,0.0,0,0.0,0.0,0,0,0,0,0.0,0.0,0.0,0.0,0.0,0.0,0.0,0.0,0,0,0,0,0,0.0,,411,142,396,141,377,137,413,142,,,,,,,0.0,0.0,0.0,0.0,0.0,0.0,522,151,22,12,417,143,292,107,0.0,0.0
Cody Drameh,Hull City,DEF,4.0,0,0,0.0,0.1,0,0,0,0,0,0,0,0,0,0,0,0,0.0,0.0,0.0,0.0,0.0,0,0.0,0.0,0,0,0,0,0.0,0.0,0.0,0.0,0.0,0.0,0.0,0.0,0,0,0,0,0,0.0,,421,149,406,148,387,144,423,149,,,,,,,0.0,0.0,0.0,0.0,0.0,0.0,533,159,33,20,427,150,454,157,0.0,0.0
Matty Jacob,Hull City,DEF,4.0,0,0,0.0,0.1,0,0,0,0,0,0,0,0,0,0,0,0,0.0,0.0,0.0,0.0,0.0,0,0.0,0.0,0,0,0,0,0.0,0.0,0.0,0.0,0.0,0.0,0.0,0.0,0,0,0,0,0,0.0,Hip injury - 75% chance of playing,425,151,410,150,391,146,427,151,,,,,,,0.0,0.0,0.0,0.0,0.0,0.0,537,161,37,22,431,152,472,164,0.0,0.0
Cathal McCarthy,Hull City,DEF,4.0,0,0,0.0,0.1,0,0,0,0,0,0,0,0,0,0,0,0,0.0,0.0,0.0,0.0,0.0,0,0.0,0.0,0,0,0,0,0.0,0.0,0.0,0.0,0.0,0.0,0.0,0.0,0,0,0,0,0,0.0,,448,169,434,169,417,167,450,169,,,,,,,0.0,0.0,0.0,0.0,0.0,0.0,567,186,67,47,453,169,415,141,0.0,0.0
Paddy McNair,Hull City,DEF,4.0,0,0,0.0,0.1,0,0,0,0,0,0,0,0,0,0,0,0,0.0,0.0,0.0,0.0,0.0,0,0.0,0.0,0,0,0,0,0.0,0.0,0.0,0.0,0.0,0.0,0.0,0.0,0,0,0,0,0,0.0,,404,137,389,136,370,132,406,137,,,,,,,0.0,0.0,0.0,0.0,0.0,0.0,514,145,14,6,410,138,393,136,0.0,0.0
Mohamed Belloumi,Hull City,MID,5.0,0,0,0.0,0.6,0,0,0,0,0,0,0,0,0,0,0,0,0.0,0.0,0.0,0.0,0.0,0,0.0,0.0,0,0,0,0,0.0,0.0,0.0,0.0,0.0,0.0,0.0,0.0,0,0,0,0,0,0.0,,534,227,534,227,531,226,534,227,5.0,,2.0,,,,0.0,0.0,0.0,0.0,0.0,0.0,349,207,328,99,534,227,243,82,0.0,0.0
Liam Millar,Hull City,MID,5.0,0,0,0.0,0.1,0,0,0,0,0,0,0,0,0,0,0,0,0.0,0.0,0.0,0.0,0.0,0,0.0,0.0,0,0,0,0,0.0,0.0,0.0,0.0,0.0,0.0,0.0,0.0,0,0,0,0,0,0.0,,509,210,505,210,502,209,509,210,,,,,,,0.0,0.0,0.0,0.0,0.0,0.0,276,166,255,58,509,210,436,173,0.0,0.0
Kieran Dowell,Hull City,MID,4.5,0,0,0.0,0.5,0,0,0,0,0,0,0,0,0,0,0,0,0.0,0.0,0.0,0.0,0.0,0,0.0,0.0,0,0,0,0,0.0,0.0,0.0,0.0,0.0,0.0,0.0,0.0,0,0,0,0,0,0.0,,457,187,447,189,430,183,459,188,,,,,,,0.0,0.0,0.0,0.0,0.0,0.0,400,229,93,4,462,190,251,85,0.0,0.0
Matt Crooks,Hull City,MID,4.5,0,0,0.0,0.6,0,0,0,0,0,0,0,0,0,0,0,0,0.0,0.0,0.0,0.0,0.0,0,0.0,0.0,0,0,0,0,0.0,0.0,0.0,0.0,0.0,0.0,0.0,0.0,0,0,0,0,0,0.0,,451,186,440,188,423,182,453,187,,,,,1.0,,0.0,0.0,0.0,0.0,0.0,0.0,383,226,76,1,456,189,229,79,0.0,0.0
Regan Slater,Hull City,MID,4.5,0,0,0.0,1.8,0,0,0,0,0,0,0,0,0,0,0,0,0.0,0.0,0.0,0.0,0.0,0,0.0,0.0,0,0,0,0,0.0,0.0,0.0,0.0,0.0,0.0,0.0,0.0,0,0,0,0,0,0.0,,462,189,454,191,439,185,464,190,6.0,,,,,,0.0,0.0,0.0,0.0,0.0,0.0,428,232,121,7,467,192,136,44,0.0,0.0
Eliot Matazo,Hull City,MID,4.5,0,0,0.0,0.0,0,0,0,0,0,0,0,0,0,0,0,0,0.0,0.0,0.0,0.0,0.0,0,0.0,0.0,0,0,0,0,0.0,0.0,0.0,0.0,0.0,0.0,0.0,0.0,0,0,0,0,0,0.0,Knee injury - Unknown return date,466,191,459,193,445,187,468,192,,,,,,,0.0,0.0,0.0,0.0,0.0,0.0,442,234,135,9,471,194,557,245,0.0,0.0
Abdülkadir Ömür,Hull City,MID,5.0,0,0,0.0,0.0,0,0,0,0,0,0,0,0,0,0,0,0,0.0,0.0,0.0,0.0,0.0,0,0.0,0.0,0,0,0,0,0.0,0.0,0.0,0.0,0.0,0.0,0.0,0.0,0,0,0,0,0,0.0,,500,206,496,206,492,205,500,206,,,,,,,0.0,0.0,0.0,0.0,0.0,0.0,251,155,230,47,500,206,515,214,0.0,0.0
Abu Kamara,Hull City,MID,5.0,0,0,0.0,0.1,0,0,0,0,0,0,0,0,0,0,0,0,0.0,0.0,0.0,0.0,0.0,0,0.0,0.0,0,0,0,0,0.0,0.0,0.0,0.0,0.0,0.0,0.0,0.0,0,0,0,0,0,0.0,,524,219,523,219,519,218,524,219,,,,,,,0.0,0.0,0.0,0.0,0.0,0.0,319,186,298,78,524,219,490,201,0.0,0.0
Óscar Zambrano,Hull City,MID,4.5,0,0,0.0,0.6,0,0,0,0,0,0,0,0,0,0,0,0,0.0,0.0,0.0,0.0,0.0,0,0.0,0.0,0,0,0,0,0.0,0.0,0.0,0.0,0.0,0.0,0.0,0.0,0,0,0,0,0,0.0,,479,195,475,197,465,193,481,196,,,,,,,0.0,0.0,0.0,0.0,0.0,0.0,474,241,167,16,484,198,231,80,0.0,0.0
Oli McBurnie,Hull City,FWD,5.5,0,0,0.0,1.9,0,0,0,0,0,0,0,0,0,0,0,0,0.0,0.0,0.0,0.0,0.0,0,0.0,0.0,0,0,0,0,0.0,0.0,0.0,0.0,0.0,0.0,0.0,0.0,0,0,0,0,0,0.0,,544,64,544,64,543,64,544,64,,,,,2.0,,0.0,0.0,0.0,0.0,0.0,0.0,119,29,363,26,544,64,128,20,0.0,0.0
Tom King,Everton,GKP,4.5,0,0,0.0,0.1,0,0,0,0,0,0,0,0,0,0,0,0,0.0,0.0,0.0,0.0,0.0,0,0.0,0.0,0,0,0,0,0.0,0.0,0.0,0.0,0.0,0.0,0.0,0.0,0,0,0,0,0,0.0,,456,55,446,43,429,34,458,55,,,,,,,0.0,0.0,0.0,0.0,0.0,0.0,393,29,86,30,461,55,479,57,0.0,0.0
Mark Travers,Everton,GKP,5.0,0,0,0.0,0.1,0,0,0,0,0,0,0,0,0,0,0,0,0.0,0.0,0.0,0.0,0.0,0,0.0,0.0,0,0,0,0,0.0,0.0,0.0,0.0,0.0,0.0,0.0,0.0,0,0,0,0,0,0.0,,506,61,502,57,499,55,506,61,,,,,,,0.0,0.0,0.0,0.0,0.0,0.0,271,12,250,52,506,61,471,56,0.0,0.0
Mike Penders,Chelsea,GKP,4.5,0,0,0.0,0.1,0,0,0,0,0,0,0,0,0,0,0,0,0.0,0.0,0.0,0.0,0.0,0,0.0,0.0,0,0,0,0,0.0,0.0,0.0,0.0,0.0,0.0,0.0,0.0,0,0,0,0,0,0.0,,478,59,474,53,464,47,480,59,,,,,,,0.0,0.0,0.0,0.0,0.0,0.0,471,42,164,43,483,59,493,60,0.0,0.0
Brandon Thomas-Asante,Coventry City,FWD,5.0,0,0,0.0,0.9,0,0,0,0,0,0,0,0,0,0,0,0,0.0,0.0,0.0,0.0,0.0,0,0.0,0.0,0,0,0,0,0.0,0.0,0.0,0.0,0.0,0.0,0.0,0.0,0,0,0,0,0,0.0,,507,58,503,58,500,58,507,58,,,,,4.0,,0.0,0.0,0.0,0.0,0.0,0.0,272,49,251,16,507,58,201,32,0.0,0.0
Luke Woolfenden,Coventry City,DEF,4.0,0,0,0.0,0.3,0,0,0,0,0,0,0,0,0,0,0,0,0.0,0.0,0.0,0.0,0.0,0,0.0,0.0,0,0,0,0,0.0,0.0,0.0,0.0,0.0,0.0,0.0,0.0,0,0,0,0,0,0.0,,416,146,401,145,382,141,418,146,,,,,,,0.0,0.0,0.0,0.0,0.0,0.0,528,156,28,17,422,147,321,114,0.0,0.0
Miguel Brau,Coventry City,DEF,4.0,0,0,0.0,0.1,0,0,0,0,0,0,0,0,0,0,0,0,0.0,0.0,0.0,0.0,0.0,0,0.0,0.0,0,0,0,0,0.0,0.0,0.0,0.0,0.0,0.0,0.0,0.0,0,0,0,0,0,0.0,,443,165,429,165,411,162,445,165,,,,,,,0.0,0.0,0.0,0.0,0.0,0.0,559,179,59,40,448,165,480,166,0.0,0.0
Aurèle Amenda,Coventry City,DEF,4.0,0,0,0.0,0.5,0,0,0,0,0,0,0,0,0,0,0,0,0.0,0.0,0.0,0.0,0.0,0,0.0,0.0,0,0,0,0,0.0,0.0,0.0,0.0,0.0,0.0,0.0,0.0,0,0,0,0,0,0.0,,442,164,427,163,408,159,444,164,,,,,,,0.0,0.0,0.0,0.0,0.0,0.0,554,174,54,35,447,164,266,98,0.0,0.0
Jack Rudoni,Coventry City,MID,5.0,0,0,0.0,0.3,0,0,0,0,0,0,0,0,0,0,0,0,0.0,0.0,0.0,0.0,0.0,0,0.0,0.0,0,0,0,0,0.0,0.0,0.0,0.0,0.0,0.0,0.0,0.0,0,0,0,0,0,0.0,Shoulder injury - 75% chance of playing,521,218,520,218,516,217,521,218,5.0,,1.0,,,,0.0,0.0,0.0,0.0,0.0,0.0,308,180,287,72,521,218,294,98,0.0,0.0
Matt Grimes,Coventry City,MID,5.0,0,0,0.0,0.2,0,0,0,0,0,0,0,0,0,0,0,0,0.0,0.0,0.0,0.0,0.0,0,0.0,0.0,0,0,0,0,0.0,0.0,0.0,0.0,0.0,0.0,0.0,0.0,0,0,0,0,0,0.0,,497,203,493,203,487,202,497,203,4.0,,,,3.0,,0.0,0.0,0.0,0.0,0.0,0.0,236,145,215,37,497,203,329,119,0.0,0.0
Tatsuhiro Sakamoto,Coventry City,MID,5.0,0,0,0.0,0.1,0,0,0,0,0,0,0,0,0,0,0,0,0.0,0.0,0.0,0.0,0.0,0,0.0,0.0,0,0,0,0,0.0,0.0,0.0,0.0,0.0,0.0,0.0,0.0,0,0,0,0,0,0.0,,528,223,527,223,524,222,528,223,,,,,,,0.0,0.0,0.0,0.0,0.0,0.0,330,192,309,84,528,223,386,149,0.0,0.0
Ephron Mason-Clark,Coventry City,MID,5.5,0,0,0.0,0.3,0,0,0,0,0,0,0,0,0,0,0,0,0.0,0.0,0.0,0.0,0.0,0,0.0,0.0,0,0,0,0,0.0,0.0,0.0,0.0,0.0,0.0,0.0,0.0,0,0,0,0,0,0.0,,547,234,547,234,546,234,547,234,,,,,,,0.0,0.0,0.0,0.0,0.0,0.0,146,91,390,136,547,234,310,107,0.0,0.0
Josh Eccles,Coventry City,MID,5.0,0,0,0.0,0.0,0,0,0,0,0,0,0,0,0,0,0,0,0.0,0.0,0.0,0.0,0.0,0,0.0,0.0,0,0,0,0,0.0,0.0,0.0,0.0,0.0,0.0,0.0,0.0,0,0,0,0,0,0.0,,513,213,510,213,507,212,513,213,,,,,,,0.0,0.0,0.0,0.0,0.0,0.0,289,173,268,65,513,213,510,212,0.0,0.0
Victor Torp,Coventry City,MID,5.5,0,0,0.0,0.2,0,0,0,0,0,0,0,0,0,0,0,0,0.0,0.0,0.0,0.0,0.0,0,0.0,0.0,0,0,0,0,0.0,0.0,0.0,0.0,0.0,0.0,0.0,0.0,0,0,0,0,0,0.0,,546,233,546,233,545,233,546,233,6.0,,2.0,,2.0,,0.0,0.0,0.0,0.0,0.0,0.0,143,89,387,134,546,233,343,130,0.0,0.0
George Shepherd,Coventry City,MID,4.5,0,0,0.0,0.3,0,0,0,0,0,0,0,0,0,0,0,0,0.0,0.0,0.0,0.0,0.0,0,0.0,0.0,0,0,0,0,0.0,0.0,0.0,0.0,0.0,0.0,0.0,0.0,0,0,0,0,0,0.0,,493,200,487,200,480,199,493,200,,,,,,,0.0,0.0,0.0,0.0,0.0,0.0,500,250,193,25,493,200,311,108,0.0,0.0
Loum Tchaouna,Coventry City,MID,5.5,0,0,0.0,0.1,0,0,0,0,0,0,0,0,0,0,0,0,0.0,0.0,0.0,0.0,0.0,0,0.0,0.0,0,0,0,0,0.0,0.0,0.0,0.0,0.0,0.0,0.0,0.0,0,18,13,38,69,0.0,,552,239,552,239,551,239,552,239,,,,,,,0.0,0.0,0.0,0.0,0.0,0.0,175,107,419,152,552,239,452,180,0.0,0.0
Raphael Borges Rodrigues,Coventry City,MID,4.5,0,0,0.0,0.2,0,0,0,0,0,0,0,0,0,0,0,0,0.0,0.0,0.0,0.0,0.0,0,0.0,0.0,0,0,0,0,0.0,0.0,0.0,0.0,0.0,0.0,0.0,0.0,0,0,0,0,0,0.0,,470,194,464,196,451,190,472,195,,,,,,,0.0,0.0,0.0,0.0,0.0,0.0,456,238,149,13,475,197,338,126,0.0,0.0
Kaine Andrews,Coventry City,MID,4.5,0,0,0.0,0.7,0,0,0,0,0,0,0,0,0,0,0,0,0.0,0.0,0.0,0.0,0.0,0,0.0,0.0,0,0,0,0,0.0,0.0,0.0,0.0,0.0,0.0,0.0,0.0,0,0,0,0,0,0.0,,491,198,486,199,477,196,491,198,,,,,,,0.0,0.0,0.0,0.0,0.0,0.0,496,247,189,22,492,199,226,78,0.0,0.0
Haji Wright,Coventry City,FWD,5.5,0,0,0.0,1.8,0,0,0,0,0,0,0,0,0,0,0,0,0.0,0.0,0.0,0.0,0.0,0,0.0,0.0,0,0,0,0,0.0,0.0,0.0,0.0,0.0,0.0,0.0,0.0,0,0,0,0,0,0.0,,545,65,545,65,544,65,545,65,,,,,1.0,,0.0,0.0,0.0,0.0,0.0,0.0,123,32,367,29,545,65,142,24,0.0,0.0
Ellis Simms,Coventry City,FWD,5.0,0,0,0.0,0.6,0,0,0,0,0,0,0,0,0,0,0,0,0.0,0.0,0.0,0.0,0.0,0,0.0,0.0,0,0,0,0,0.0,0.0,0.0,0.0,0.0,0.0,0.0,0.0,0,0,0,0,0,0.0,,503,56,499,56,496,56,503,56,,,,,,,0.0,0.0,0.0,0.0,0.0,0.0,261,47,240,14,503,56,228,39,0.0,0.0
Remi Matthews,Crystal Palace,GKP,4.0,0,0,0.0,1.7,0,0,0,0,0,0,0,0,0,0,0,0,0.0,0.0,0.0,0.0,0.0,0,0.0,0.0,0,0,0,0,0.0,0.0,0.0,0.0,0.0,0.0,0.0,0.0,0,0,0,0,0,0.0,,407,39,392,23,373,14,409,39,,,,,,,0.0,0.0,0.0,0.0,0.0,0.0,518,53,18,10,413,39,147,21,0.0,0.0
Jahnoah Markelo,Coventry City,FWD,5.0,0,0,0.0,0.1,0,0,0,0,0,0,0,0,0,0,0,0,0.0,0.0,0.0,0.0,0.0,0,0.0,0.0,0,0,0,0,0.0,0.0,0.0,0.0,0.0,0.0,0.0,0.0,0,0,0,0,0,0.0,,535,62,535,62,533,62,535,62,,,,,,,0.0,0.0,0.0,0.0,0.0,0.0,355,55,334,22,535,62,434,62,0.0,0.0
Norman Bassette,Coventry City,FWD,4.5,0,0,0.0,0.6,0,0,0,0,0,0,0,0,0,0,0,0,0.0,0.0,0.0,0.0,0.0,0,0.0,0.0,0,0,0,0,0.0,0.0,0.0,0.0,0.0,0.0,0.0,0.0,0,0,0,0,0,0.0,Has joined KVC Westerlo on loan for the rest of the season,477,49,473,49,463,49,479,50,,,,,,,0.0,0.0,0.0,0.0,0.0,0.0,470,61,163,5,482,51,233,41,0.0,0.0
Kaine Kesler-Hayden,Coventry City,DEF,4.0,0,0,0.0,0.1,0,0,0,0,0,0,0,0,0,0,0,0,0.0,0.0,0.0,0.0,0.0,0,0.0,0.0,0,0,0,0,0.0,0.0,0.0,0.0,0.0,0.0,0.0,0.0,0,0,0,0,0,0.0,,431,156,416,155,397,151,433,156,,,,,,,0.0,0.0,0.0,0.0,0.0,0.0,543,166,43,27,437,157,427,146,0.0,0.0
Jay Dasilva,Coventry City,DEF,4.0,0,0,0.0,0.4,0,0,0,0,0,0,0,0,0,0,0,0,0.0,0.0,0.0,0.0,0.0,0,0.0,0.0,0,0,0,0,0.0,0.0,0.0,0.0,0.0,0.0,0.0,0.0,0,0,0,0,0,0.0,,408,139,393,138,374,134,410,139,,,,,,,0.0,0.0,0.0,0.0,0.0,0.0,519,148,19,9,414,140,269,99,0.0,0.0
Milan van Ewijk,Coventry City,DEF,4.0,0,0,0.0,16.7,0,0,0,0,0,0,0,0,0,0,0,0,0.0,0.0,0.0,0.0,0.0,0,0.0,0.0,0,0,0,0,0.0,0.0,0.0,0.0,0.0,0.0,0.0,0.0,0,0,0,0,0,0.0,,427,153,412,152,393,148,429,153,,,,,,,0.0,0.0,0.0,0.0,0.0,0.0,539,163,39,24,433,154,23,9,0.0,0.0
Liam Kitching,Coventry City,DEF,4.0,0,0,0.0,0.4,0,0,0,0,0,0,0,0,0,0,0,0,0.0,0.0,0.0,0.0,0.0,0,0.0,0.0,0,0,0,0,0.0,0.0,0.0,0.0,0.0,0.0,0.0,0.0,0,0,0,0,0,0.0,,422,150,407,149,388,145,424,150,,,,,,,0.0,0.0,0.0,0.0,0.0,0.0,534,160,34,21,428,151,287,104,0.0,0.0
Oscar Mingueza,Crystal Palace,DEF,4.5,0,0,0.0,0.1,0,0,0,0,0,0,0,0,0,0,0,0,0.0,0.0,0.0,0.0,0.0,0,0.0,0.0,0,0,0,0,0.0,0.0,0.0,0.0,0.0,0.0,0.0,0.0,0,0,0,0,0,0.0,,461,172,453,172,438,171,463,172,,,,,,,0.0,0.0,0.0,0.0,0.0,0.0,426,106,119,79,466,172,422,145,0.0,0.0
Bobby Thomas,Coventry City,DEF,4.0,0,0,0.0,8.7,0,0,0,0,0,0,0,0,0,0,0,0,0.0,0.0,0.0,0.0,0.0,0,0.0,0.0,0,0,0,0,0.0,0.0,0.0,0.0,0.0,0.0,0.0,0.0,0,0,0,0,0,0.0,,429,155,414,154,395,150,431,155,,,,,,,0.0,0.0,0.0,0.0,0.0,0.0,541,165,41,26,435,156,51,19,0.0,0.0
Ben Wilson,Coventry City,GKP,4.5,0,0,0.0,0.7,0,0,0,0,0,0,0,0,0,0,0,0,0.0,0.0,0.0,0.0,0.0,0,0.0,0.0,0,0,0,0,0.0,0.0,0.0,0.0,0.0,0.0,0.0,0.0,0,0,0,0,0,0.0,,454,53,443,40,426,31,456,53,,,,,,,0.0,0.0,0.0,0.0,0.0,0.0,389,26,82,27,459,53,224,31,0.0,0.0
Oliver Dovin,Coventry City,GKP,4.0,0,0,0.0,3.1,0,0,0,0,0,0,0,0,0,0,0,0,0.0,0.0,0.0,0.0,0.0,0,0.0,0.0,0,0,0,0,0.0,0.0,0.0,0.0,0.0,0.0,0.0,0.0,0,0,0,0,0,0.0,,433,46,418,30,399,21,435,46,,,,,,,0.0,0.0,0.0,0.0,0.0,0.0,545,60,45,17,439,46,99,17,0.0,0.0
Matheus M.França,Crystal Palace,MID,5.0,0,0,0.0,0.0,0,0,0,0,0,0,0,0,0,0,0,0,0.0,0.0,0.0,0.0,0.0,0,0.0,0.0,0,0,0,0,0.0,0.0,0.0,0.0,0.0,0.0,0.0,0.0,0,0,0,0,0,0.0,,533,226,533,226,530,225,533,226,,,,,,,0.0,0.0,0.0,0.0,0.0,0.0,347,205,326,97,533,226,502,209,0.0,0.0
Cheick Doucouré,Crystal Palace,MID,5.0,0,0,0.0,0.1,0,0,0,0,0,0,0,0,0,0,0,0,0.0,0.0,0.0,0.0,0.0,0,0.0,0.0,0,0,0,0,0.0,0.0,0.0,0.0,0.0,0.0,0.0,0.0,0,0,0,0,0,0.0,,512,212,509,212,506,211,512,212,,,,,,,0.0,0.0,0.0,0.0,0.0,0.0,288,172,267,64,512,212,473,190,0.0,0.0
Jesurun J.Rak-Sakyi,Crystal Palace,MID,5.0,0,0,0.0,0.0,0,0,0,0,0,0,0,0,0,0,0,0,0.0,0.0,0.0,0.0,0.0,0,0.0,0.0,0,0,0,0,0.0,0.0,0.0,0.0,0.0,0.0,0.0,0.0,0,0,0,0,0,0.0,,515,215,513,215,510,214,515,215,,,,,,,0.0,0.0,0.0,0.0,0.0,0.0,296,176,275,68,515,215,551,241,0.0,0.0
Aaron Anselmino,Chelsea,DEF,4.5,0,0,0.0,0.0,0,0,0,0,0,0,0,0,0,0,0,0,0.0,0.0,0.0,0.0,0.0,0,0.0,0.0,0,0,0,0,0.0,0.0,0.0,0.0,0.0,0.0,0.0,0.0,0,0,0,0,0,0.0,,490,179,485,179,476,179,490,179,,,,,,,0.0,0.0,0.0,0.0,0.0,0.0,495,139,188,112,491,179,552,182,0.0,0.0
David Akintola,Hull City,MID,5.0,0,0,0.0,0.1,0,0,0,0,0,0,0,0,0,0,0,0,0.0,0.0,0.0,0.0,0.0,0,0.0,0.0,0,0,0,0,0.0,0.0,0.0,0.0,0.0,0.0,0.0,0.0,0,0,0,0,0,0.0,,501,207,497,207,493,206,501,207,,,,,,,0.0,0.0,0.0,0.0,0.0,0.0,256,159,235,51,501,207,492,202,0.0,0.0
Darko Gyabi,Hull City,MID,4.5,0,0,0.0,0.2,0,0,0,0,0,0,0,0,0,0,0,0,0.0,0.0,0.0,0.0,0.0,0,0.0,0.0,0,0,0,0,0.0,0.0,0.0,0.0,0.0,0.0,0.0,0.0,0,0,0,0,0,0.0,,467,192,460,194,446,188,469,193,,,,,,,0.0,0.0,0.0,0.0,0.0,0.0,444,235,137,10,472,195,327,118,0.0,0.0
Enis Destan,Hull City,FWD,4.5,0,0,0.0,2.6,0,0,0,0,0,0,0,0,0,0,0,0,0.0,0.0,0.0,0.0,0.0,0,0.0,0.0,0,0,0,0,0.0,0.0,0.0,0.0,0.0,0.0,0.0,0.0,0,0,0,0,0,0.0,,472,47,466,47,454,47,474,48,,,,,,,0.0,0.0,0.0,0.0,0.0,0.0,460,59,153,3,477,49,111,17,0.0,0.0
James McConnell,Liverpool,MID,4.5,0,0,0.0,0.2,0,0,0,0,0,0,0,0,0,0,0,0,0.0,0.0,0.0,0.0,0.0,0,0.0,0.0,0,0,0,0,0.0,0.0,0.0,0.0,0.0,0.0,0.0,0.0,0,0,0,0,0,0.0,,469,193,463,195,450,189,471,194,,,,,,,0.0,0.0,0.0,0.0,0.0,0.0,455,237,148,12,474,196,341,129,0.0,0.0
Joe Gelhardt,Leeds,MID,5.0,0,0,0.0,0.0,0,0,0,0,0,0,0,0,0,0,0,0,0.0,0.0,0.0,0.0,0.0,0,0.0,0.0,0,0,0,0,0.0,0.0,0.0,0.0,0.0,0.0,0.0,0.0,0,0,0,0,0,0.0,,518,216,516,216,513,215,518,216,,,,,,,0.0,0.0,0.0,0.0,0.0,0.0,301,178,280,70,518,216,500,207,0.0,0.0
Mateo Mateo Joseph,Leeds,FWD,4.5,0,0,0.0,0.3,0,0,0,0,0,0,0,0,0,0,0,0,0.0,0.0,0.0,0.0,0.0,0,0.0,0.0,0,0,0,0,0.0,0.0,0.0,0.0,0.0,0.0,0.0,0.0,0,0,0,0,0,0.0,Knee injury - Unknown return date,483,51,479,51,469,51,485,52,,,,,,,0.0,0.0,0.0,0.0,0.0,0.0,478,63,171,7,487,53,293,54,0.0,0.0
Armin Pecsi,Liverpool,GKP,4.0,0,0,0.0,0.1,0,0,0,0,0,0,0,0,0,0,0,0,0.0,0.0,0.0,0.0,0.0,0,0.0,0.0,0,0,0,0,0.0,0.0,0.0,0.0,0.0,0.0,0.0,0.0,0,0,0,0,0,0.0,,446,49,432,33,414,24,448,49,,,,,,,0.0,0.0,0.0,0.0,0.0,0.0,562,63,62,20,451,49,429,52,0.0,0.0
Vitezslav Jaros,Liverpool,GKP,4.0,0,0,0.0,0.0,0,0,0,0,0,0,0,0,0,0,0,0,0.0,0.0,0.0,0.0,0.0,0,0.0,0.0,0,0,0,0,0.0,0.0,0.0,0.0,0.0,0.0,0.0,0.0,0,0,0,0,0,0.0,Knee injury - Unknown return date,420,42,405,26,386,17,422,42,,,,,,,0.0,0.0,0.0,0.0,0.0,0.0,532,56,32,13,426,42,495,61,0.0,0.0
Harvey Davies,Liverpool,GKP,4.0,0,0,0.0,0.1,0,0,0,0,0,0,0,0,0,0,0,0,0.0,0.0,0.0,0.0,0.0,0,0.0,0.0,0,0,0,0,0.0,0.0,0.0,0.0,0.0,0.0,0.0,0.0,0,0,0,0,0,0.0,,430,45,415,29,396,20,432,45,,,,,,,0.0,0.0,0.0,0.0,0.0,0.0,542,59,42,16,436,45,403,46,0.0,0.0
Wellity Lucky,Liverpool,DEF,4.0,0,0,0.0,0.1,0,0,0,0,0,0,0,0,0,0,0,0,0.0,0.0,0.0,0.0,0.0,0,0.0,0.0,0,0,0,0,0.0,0.0,0.0,0.0,0.0,0.0,0.0,0.0,0,0,0,0,0,0.0,,440,162,425,161,406,157,442,162,,,,,,,0.0,0.0,0.0,0.0,0.0,0.0,552,172,52,33,445,162,391,135,0.0,0.0
Jeremy Jacquet,Liverpool,DEF,5.0,0,0,0.0,2.1,0,0,0,0,0,0,0,0,0,0,0,0,0.0,0.0,0.0,0.0,0.0,0,0.0,0.0,0,0,0,0,0.0,0.0,0.0,0.0,0.0,0.0,0.0,0.0,0,0,0,0,0,0.0,,537,184,537,184,535,184,537,184,,,,,,,0.0,0.0,0.0,0.0,0.0,0.0,361,71,340,151,537,184,121,46,0.0,0.0
Giovanni Leoni,Liverpool,DEF,4.0,0,0,0.0,0.1,0,0,0,0,0,0,0,0,0,0,0,0,0.0,0.0,0.0,0.0,0.0,0,0.0,0.0,0,0,0,0,0.0,0.0,0.0,0.0,0.0,0.0,0.0,0.0,0,0,0,0,0,0.0,Knee injury - Unknown return date,447,168,433,168,416,166,449,168,,,,,,,0.0,0.0,0.0,0.0,0.0,0.0,566,185,66,46,452,168,441,151,0.0,0.0
Kostas Tsimikas,Liverpool,DEF,5.0,0,0,0.0,0.1,0,0,0,0,0,0,0,0,0,0,0,0,0.0,0.0,0.0,0.0,0.0,0,0.0,0.0,0,0,0,0,0.0,0.0,0.0,0.0,0.0,0.0,0.0,0.0,0,0,0,0,0,0.0,,502,180,498,180,494,180,502,180,,,,,,,0.0,0.0,0.0,0.0,0.0,0.0,257,42,236,122,502,180,433,148,0.0,0.0
Calvin Ramsay,Liverpool,DEF,4.0,0,0,0.0,0.2,0,0,0,0,0,0,0,0,0,0,0,0,0.0,0.0,0.0,0.0,0.0,0,0.0,0.0,0,0,0,0,0.0,0.0,0.0,0.0,0.0,0.0,0.0,0.0,0,0,0,0,0,0.0,,434,158,419,157,400,153,436,158,,,,,,,0.0,0.0,0.0,0.0,0.0,0.0,546,168,46,29,440,159,326,115,0.0,0.0
Joel Latibeaudiere,Coventry City,DEF,4.0,0,0,0.0,0.1,0,0,0,0,0,0,0,0,0,0,0,0,0.0,0.0,0.0,0.0,0.0,0,0.0,0.0,0,0,0,0,0.0,0.0,0.0,0.0,0.0,0.0,0.0,0.0,0,0,0,0,0,0.0,,412,143,397,142,378,138,414,143,,,,,,,0.0,0.0,0.0,0.0,0.0,0.0,523,152,23,13,418,144,442,152,0.0,0.0
João Pedro Costinha,Brighton,DEF,4.5,0,0,0.0,0.0,0,0,0,0,0,0,0,0,0,0,0,0,0.0,0.0,0.0,0.0,0.0,0,0.0,0.0,0,0,0,0,0.0,0.0,0.0,0.0,0.0,0.0,0.0,0.0,0,0,0,0,0,0.0,,464,174,456,174,442,173,466,174,,,,,,,0.0,0.0,0.0,0.0,0.0,0.0,439,117,132,90,469,174,512,172,0.0,0.0
Stefan Bajcetic,Liverpool,MID,5.0,0,0,0.0,0.0,0,0,0,0,0,0,0,0,0,0,0,0,0.0,0.0,0.0,0.0,0.0,0,0.0,0.0,0,0,0,0,0.0,0.0,0.0,0.0,0.0,0.0,0.0,0.0,0,0,0,0,0,0.0,Hamstring injury - Expected back 23 Aug,532,225,532,225,529,224,532,225,,,,,,,0.0,0.0,0.0,0.0,0.0,0.0,345,203,324,95,532,225,565,249,0.0,0.0
Victor Munoz,Liverpool,MID,6.5,0,0,0.0,0.8,0,0,0,0,0,0,0,0,0,0,0,0,0.0,0.0,0.0,0.0,0.0,0,0.0,0.0,0,0,0,0,0.0,0.0,0.0,0.0,0.0,0.0,0.0,0.0,0,0,0,0,0,0.0,,566,249,566,249,566,249,566,249,,,,,,,0.0,0.0,0.0,0.0,0.0,0.0,54,38,536,230,566,249,209,71,0.0,0.0
Lewis Koumas,Liverpool,MID,5.0,0,0,0.0,0.0,0,0,0,0,0,0,0,0,0,0,0,0,0.0,0.0,0.0,0.0,0.0,0,0.0,0.0,0,0,0,0,0.0,0.0,0.0,0.0,0.0,0.0,0.0,0.0,0,0,0,0,0,0.0,,530,224,530,224,527,223,530,224,,,,,,,0.0,0.0,0.0,0.0,0.0,0.0,339,198,318,90,530,224,542,232,0.0,0.0
Tarik Muharemović,Leeds,DEF,5.0,0,0,0.0,1.2,0,0,0,0,0,0,0,0,0,0,0,0,0.0,0.0,0.0,0.0,0.0,0,0.0,0.0,0,0,0,0,0.0,0.0,0.0,0.0,0.0,0.0,0.0,0.0,0,0,0,0,0,0.0,,531,183,531,183,528,183,531,183,,,,,,,0.0,0.0,0.0,0.0,0.0,0.0,341,69,320,149,531,183,179,66,0.0,0.0
Jayden Danns,Liverpool,FWD,4.5,0,0,0.0,0.1,0,0,0,0,0,0,0,0,0,0,0,0,0.0,0.0,0.0,0.0,0.0,0,0.0,0.0,0,0,0,0,0.0,0.0,0.0,0.0,0.0,0.0,0.0,0.0,0,0,0,0,0,0.0,Unspecified injury - Unknown return date,471,46,465,46,453,46,473,47,,,,,,,0.0,0.0,0.0,0.0,0.0,0.0,458,58,151,2,476,48,487,64,0.0,0.0
Jason Steele,Brighton,GKP,4.0,0,0,0.0,4.8,0,0,0,0,0,0,0,0,0,0,0,0,0.0,0.0,0.0,0.0,0.0,0,0.0,0.0,0,0,0,0,0.0,0.0,0.0,0.0,0.0,0.0,0.0,0.0,0,0,0,0,0,0.0,,397,34,380,16,361,7,399,34,,,,,,,0.0,0.0,0.0,0.0,0.0,0.0,503,46,3,3,403,34,77,11,0.0,0.0
Carl Rushworth,Brighton,GKP,4.5,0,0,0.0,0.6,0,0,0,0,0,0,0,0,0,0,0,0,0.0,0.0,0.0,0.0,0.0,0,0.0,0.0,0,0,0,0,0.0,0.0,0.0,0.0,0.0,0.0,0.0,0.0,0,0,0,0,0,0.0,,468,57,461,48,447,41,470,57,,,,,,,0.0,0.0,0.0,0.0,0.0,0.0,447,36,140,37,473,57,241,33,0.0,0.0
Marcus Bettinelli,Man City,GKP,4.5,0,0,0.0,0.0,0,0,0,0,0,0,0,0,0,0,0,0,0.0,0.0,0.0,0.0,0.0,0,0.0,0.0,0,0,0,0,0.0,0.0,0.0,0.0,0.0,0.0,0.0,0.0,0,0,0,0,0,0.0,,455,54,445,42,428,33,457,54,,,,,,,0.0,0.0,0.0,0.0,0.0,0.0,391,28,84,29,460,54,506,62,0.0,0.0
Mamadou Sangaré,Brentford,MID,5.5,0,0,0.0,0.0,0,0,0,0,0,0,0,0,0,0,0,0,0.0,0.0,0.0,0.0,0.0,0,0.0,0.0,0,0,0,0,0.0,0.0,0.0,0.0,0.0,0.0,0.0,0.0,0,0,0,0,0,0.0,,554,241,554,241,553,241,554,241,,,,,,,0.0,0.0,0.0,0.0,0.0,0.0,194,121,438,166,554,241,536,227,0.0,0.0
Callum Wilson,Brentford,FWD,5.5,0,0,0.0,0.4,0,0,0,0,0,0,0,0,0,0,0,0,0.0,0.0,0.0,0.0,0.0,0,0.0,0.0,0,0,0,0,0.0,0.0,0.0,0.0,0.0,0.0,0.0,0.0,0,4,10,27,41,0.0,,543,63,543,63,541,63,543,63,,,,,,,0.0,0.0,0.0,0.0,0.0,0.0,111,27,355,24,543,63,279,49,0.0,0.0
Jaidon Anthony,Brentford,MID,6.0,0,0,0.0,0.2,0,0,0,0,0,0,0,0,0,0,0,0,0.0,0.0,0.0,0.0,0.0,0,0.0,0.0,0,0,0,0,0.0,0.0,0.0,0.0,0.0,0.0,0.0,0.0,0,42,49,141,232,0.0,,559,244,559,244,559,244,559,244,,,,,,,0.0,0.0,0.0,0.0,0.0,0.0,85,54,488,193,559,244,325,117,0.0,0.0
Vitor Vitor Reis,Man City,DEF,4.5,0,0,0.0,0.0,0,0,0,0,0,0,0,0,0,0,0,0,0.0,0.0,0.0,0.0,0.0,0,0.0,0.0,0,0,0,0,0.0,0.0,0.0,0.0,0.0,0.0,0.0,0.0,0,0,0,0,0,0.0,,489,178,484,178,475,178,489,178,,,,,,,0.0,0.0,0.0,0.0,0.0,0.0,494,138,187,111,490,178,524,178,0.0,0.0
Jannik Schuster,Brentford,DEF,4.5,0,0,0.0,0.1,0,0,0,0,0,0,0,0,0,0,0,0,0.0,0.0,0.0,0.0,0.0,0,0.0,0.0,0,0,0,0,0.0,0.0,0.0,0.0,0.0,0.0,0.0,0.0,0,0,0,0,0,0.0,,473,175,468,175,456,174,475,175,,,,,,,0.0,0.0,0.0,0.0,0.0,0.0,462,125,155,98,478,175,421,144,0.0,0.0
Kim Ji-soo,Brentford,DEF,4.5,0,0,0.0,0.0,0,0,0,0,0,0,0,0,0,0,0,0,0.0,0.0,0.0,0.0,0.0,0,0.0,0.0,0,0,0,0,0.0,0.0,0.0,0.0,0.0,0.0,0.0,0.0,0,0,0,0,0,0.0,,484,177,480,177,471,177,486,177,,,,,,,0.0,0.0,0.0,0.0,0.0,0.0,480,131,173,104,488,177,513,173,0.0,0.0
Claudio Echeverri,Man City,MID,5.0,0,0,0.0,0.0,0,0,0,0,0,0,0,0,0,0,0,0,0.0,0.0,0.0,0.0,0.0,0,0.0,0.0,0,0,0,0,0.0,0.0,0.0,0.0,0.0,0.0,0.0,0.0,0,0,0,0,0,0.0,,536,228,536,228,534,228,536,228,,,,,,,0.0,0.0,0.0,0.0,0.0,0.0,357,213,336,105,536,228,543,233,0.0,0.0
Kalvin Phillips,Man City,MID,5.0,0,0,0.0,0.0,0,0,0,0,0,0,0,0,0,0,0,0,0.0,0.0,0.0,0.0,0.0,0,0.0,0.0,0,0,0,0,0.0,0.0,0.0,0.0,0.0,0.0,0.0,0.0,0,0,0,0,0,0.0,,496,202,492,202,486,201,496,202,,,,,,,0.0,0.0,0.0,0.0,0.0,0.0,232,141,211,33,496,202,522,216,0.0,0.0
Jeremy Monga,Man City,MID,5.0,0,0,0.0,0.0,0,0,0,0,0,0,0,0,0,0,0,0,0.0,0.0,0.0,0.0,0.0,0,0.0,0.0,0,0,0,0,0.0,0.0,0.0,0.0,0.0,0.0,0.0,0.0,0,0,0,0,0,0.0,,541,231,541,231,539,231,541,231,,,,,,,0.0,0.0,0.0,0.0,0.0,0.0,369,222,348,114,541,231,537,228,0.0,0.0
Tom Heaton,Man Utd,GKP,4.0,0,0,0.0,0.3,0,0,0,0,0,0,0,0,0,0,0,0,0.0,0.0,0.0,0.0,0.0,0,0.0,0.0,0,0,0,0,0.0,0.0,0.0,0.0,0.0,0.0,0.0,0.0,0,0,0,0,0,0.0,,395,32,378,14,359,5,397,32,,,,,,,0.0,0.0,0.0,0.0,0.0,0.0,501,44,1,1,401,32,315,37,0.0,0.0
Zadok Yohanna,Brighton,MID,5.0,0,0,0.0,0.1,0,0,0,0,0,0,0,0,0,0,0,0,0.0,0.0,0.0,0.0,0.0,0,0.0,0.0,0,0,0,0,0.0,0.0,0.0,0.0,0.0,0.0,0.0,0.0,0,0,0,0,0,0.0,,542,232,542,232,540,232,542,232,,,,,,,0.0,0.0,0.0,0.0,0.0,0.0,374,225,353,117,542,232,446,178,0.0,0.0
Evan Ferguson,Brighton,FWD,5.0,0,0,0.0,0.0,0,0,0,0,0,0,0,0,0,0,0,0,0.0,0.0,0.0,0.0,0.0,0,0.0,0.0,0,0,0,0,0.0,0.0,0.0,0.0,0.0,0.0,0.0,0.0,0,0,0,0,0,0.0,Ankle injury - Expected back 10 Oct,523,60,522,60,518,60,523,60,,,,,,,0.0,0.0,0.0,0.0,0.0,0.0,314,52,293,19,523,60,514,66,0.0,0.0
Mason Burstow,Hull City,FWD,4.5,0,0,0.0,1.1,0,0,0,0,0,0,0,0,0,0,0,0,0.0,0.0,0.0,0.0,0.0,0,0.0,0.0,0,0,0,0,0.0,0.0,0.0,0.0,0.0,0.0,0.0,0.0,0,0,0,0,0,0.0,Has joined Sheffield Wednesday on loan for the rest of the season,474,48,470,48,460,48,476,49,,,,,,,0.0,0.0,0.0,0.0,0.0,0.0,467,60,160,4,479,50,186,30,0.0,0.0
Jack Taylor,Ipswich Town,MID,4.5,0,0,0.0,0.3,0,0,0,0,0,0,0,0,0,0,0,0,0.0,0.0,0.0,0.0,0.0,0,0.0,0.0,0,0,0,0,0.0,0.0,0.0,0.0,0.0,0.0,0.0,0.0,0,0,0,0,0,0.0,Knee injury - Unknown return date,459,188,451,190,436,184,461,189,,,,,,,0.0,0.0,0.0,0.0,0.0,0.0,422,231,115,6,464,191,300,100,0.0,0.0
Matt Targett,Hull City,DEF,4.0,0,0,0.0,2.4,0,0,0,0,0,0,0,0,0,0,0,0,0.0,0.0,0.0,0.0,0.0,0,0.0,0.0,0,0,0,0,0.0,0.0,0.0,0.0,0.0,0.0,0.0,0.0,0,0,0,0,0,0.0,,406,138,391,137,372,133,408,138,,,,,,,0.0,0.0,0.0,0.0,0.0,0.0,517,147,17,8,412,139,113,42,0.0,0.0
Hidemasa Morita,Hull City,MID,5.0,0,0,0.0,0.1,0,0,0,0,0,0,0,0,0,0,0,0,0.0,0.0,0.0,0.0,0.0,0,0.0,0.0,0,0,0,0,0.0,0.0,0.0,0.0,0.0,0.0,0.0,0.0,0,0,0,0,0,0.0,,514,214,511,214,508,213,514,214,,,,,,,0.0,0.0,0.0,0.0,0.0,0.0,293,174,272,66,514,214,486,199,0.0,0.0
Christian Walton,Ipswich Town,GKP,4.5,0,0,0.0,0.6,0,0,0,0,0,0,0,0,0,0,0,0,0.0,0.0,0.0,0.0,0.0,0,0.0,0.0,0,0,0,0,0.0,0.0,0.0,0.0,0.0,0.0,0.0,0.0,0,0,0,0,0,0.0,,453,52,442,39,425,30,455,52,,,,,,,0.0,0.0,0.0,0.0,0.0,0.0,387,25,80,26,458,52,239,32,0.0,0.0
Alex Palmer,Ipswich Town,GKP,4.0,0,0,0.0,5.9,0,0,0,0,0,0,0,0,0,0,0,0,0.0,0.0,0.0,0.0,0.0,0,0.0,0.0,0,0,0,0,0.0,0.0,0.0,0.0,0.0,0.0,0.0,0.0,0,0,0,0,0,0.0,,402,37,386,20,367,11,404,37,,,,,,,0.0,0.0,0.0,0.0,0.0,0.0,510,50,10,7,408,37,70,8,0.0,0.0
David Button,Ipswich Town,GKP,4.0,0,0,0.0,0.6,0,0,0,0,0,0,0,0,0,0,0,0,0.0,0.0,0.0,0.0,0.0,0,0.0,0.0,0,0,0,0,0.0,0.0,0.0,0.0,0.0,0.0,0.0,0.0,0,0,0,0,0,0.0,,398,35,381,17,362,8,400,35,,,,,,,0.0,0.0,0.0,0.0,0.0,0.0,504,47,4,4,404,35,245,35,0.0,0.0
Cédric Kipré,Ipswich Town,DEF,4.0,0,0,0.0,0.3,0,0,0,0,0,0,0,0,0,0,0,0,0.0,0.0,0.0,0.0,0.0,0,0.0,0.0,0,0,0,0,0.0,0.0,0.0,0.0,0.0,0.0,0.0,0.0,0,0,0,0,0,0.0,,410,141,395,140,376,136,412,141,,,,,,,0.0,0.0,0.0,0.0,0.0,0.0,521,150,21,11,416,142,296,109,0.0,0.0
Dara O'Shea,Ipswich Town,DEF,4.0,0,0,0.0,1.3,0,0,0,0,0,0,0,0,0,0,0,0,0.0,0.0,0.0,0.0,0.0,0,0.0,0.0,0,0,0,0,0.0,0.0,0.0,0.0,0.0,0.0,0.0,0.0,0,0,0,0,0,0.0,,415,145,400,144,381,140,417,145,,,,,,,0.0,0.0,0.0,0.0,0.0,0.0,526,154,26,15,421,146,178,65,0.0,0.0
Leif Davis,Ipswich Town,DEF,4.0,0,0,0.0,3.6,0,0,0,0,0,0,0,0,0,0,0,0,0.0,0.0,0.0,0.0,0.0,0,0.0,0.0,0,0,0,0,0.0,0.0,0.0,0.0,0.0,0.0,0.0,0.0,0,0,0,0,0,0.0,,428,154,413,153,394,149,430,154,6.0,,2.0,,,,0.0,0.0,0.0,0.0,0.0,0.0,540,164,40,25,434,155,90,34,0.0,0.0
Jacob Greaves,Ipswich Town,DEF,4.0,0,0,0.0,0.5,0,0,0,0,0,0,0,0,0,0,0,0,0.0,0.0,0.0,0.0,0.0,0,0.0,0.0,0,0,0,0,0.0,0.0,0.0,0.0,0.0,0.0,0.0,0.0,0,0,0,0,0,0.0,,426,152,411,151,392,147,428,152,,,,,,,0.0,0.0,0.0,0.0,0.0,0.0,538,162,38,23,432,153,260,94,0.0,0.0
Ben Johnson,Ipswich Town,DEF,4.0,0,0,0.0,0.1,0,0,0,0,0,0,0,0,0,0,0,0,0.0,0.0,0.0,0.0,0.0,0,0.0,0.0,0,0,0,0,0.0,0.0,0.0,0.0,0.0,0.0,0.0,0.0,0,0,0,0,0,0.0,,417,147,402,146,383,142,419,147,,,,,,,0.0,0.0,0.0,0.0,0.0,0.0,529,157,29,18,423,148,395,137,0.0,0.0
Darnell Furlong,Ipswich Town,DEF,4.0,0,0,0.0,0.3,0,0,0,0,0,0,0,0,0,0,0,0,0.0,0.0,0.0,0.0,0.0,0,0.0,0.0,0,0,0,0,0.0,0.0,0.0,0.0,0.0,0.0,0.0,0.0,0,0,0,0,0,0.0,,409,140,394,139,375,135,411,140,,,,,,,0.0,0.0,0.0,0.0,0.0,0.0,520,149,20,10,415,141,306,113,0.0,0.0
Marcelino Núñez,Ipswich Town,MID,5.0,0,0,0.0,0.2,0,0,0,0,0,0,0,0,0,0,0,0,0.0,0.0,0.0,0.0,0.0,0,0.0,0.0,0,0,0,0,0.0,0.0,0.0,0.0,0.0,0.0,0.0,0.0,0,0,0,0,0,0.0,,527,222,526,222,523,221,527,222,7.0,,1.0,,,,0.0,0.0,0.0,0.0,0.0,0.0,329,191,308,83,527,222,377,143,0.0,0.0
Azor Matusiwa,Ipswich Town,MID,5.0,0,0,0.0,0.1,0,0,0,0,0,0,0,0,0,0,0,0,0.0,0.0,0.0,0.0,0.0,0,0.0,0.0,0,0,0,0,0.0,0.0,0.0,0.0,0.0,0.0,0.0,0.0,0,0,0,0,0,0.0,Muscular injury - Unknown return date,510,211,506,211,503,210,510,211,,,,,,,0.0,0.0,0.0,0.0,0.0,0.0,278,167,257,59,510,211,478,194,0.0,0.0
Wes Burns,Ipswich Town,MID,5.0,0,0,0.0,0.1,0,0,0,0,0,0,0,0,0,0,0,0,0.0,0.0,0.0,0.0,0.0,0,0.0,0.0,0,0,0,0,0.0,0.0,0.0,0.0,0.0,0.0,0.0,0.0,0,0,0,0,0,0.0,,495,201,491,201,485,200,495,201,,,,,,,0.0,0.0,0.0,0.0,0.0,0.0,230,139,209,31,495,201,485,198,0.0,0.0
Jack Clarke,Ipswich Town,MID,5.5,0,0,0.0,0.3,0,0,0,0,0,0,0,0,0,0,0,0,0.0,0.0,0.0,0.0,0.0,0,0.0,0.0,0,0,0,0,0.0,0.0,0.0,0.0,0.0,0.0,0.0,0.0,0,0,0,0,0,0.0,,551,238,551,238,550,238,551,238,8.0,,3.0,,2.0,,0.0,0.0,0.0,0.0,0.0,0.0,162,102,406,147,551,238,309,106,0.0,0.0
Luka Vuskovic,Brighton,DEF,5.0,0,0,0.0,3.0,0,0,0,0,0,0,0,0,0,0,0,0,0.0,0.0,0.0,0.0,0.0,0,0.0,0.0,0,0,0,0,0.0,0.0,0.0,0.0,0.0,0.0,0.0,0.0,0,0,0,0,0,0.0,,538,185,538,185,536,185,538,185,,,,,,,0.0,0.0,0.0,0.0,0.0,0.0,364,72,343,152,538,185,102,38,0.0,0.0
Chiedozie Ogbene,Ipswich Town,MID,5.0,0,0,0.0,0.0,0,0,0,0,0,0,0,0,0,0,0,0,0.0,0.0,0.0,0.0,0.0,0,0.0,0.0,0,0,0,0,0.0,0.0,0.0,0.0,0.0,0.0,0.0,0.0,0,0,0,0,0,0.0,,505,208,501,208,498,207,505,208,,,,,,,0.0,0.0,0.0,0.0,0.0,0.0,270,162,249,54,505,208,530,222,0.0,0.0
Abdul Fatawu,Ipswich Town,MID,5.5,0,0,0.0,0.3,0,0,0,0,0,0,0,0,0,0,0,0,0.0,0.0,0.0,0.0,0.0,0,0.0,0.0,0,0,0,0,0.0,0.0,0.0,0.0,0.0,0.0,0.0,0.0,0,0,0,0,0,0.0,,555,242,555,242,554,242,555,242,,,,,,,0.0,0.0,0.0,0.0,0.0,0.0,196,123,440,168,555,242,316,111,0.0,0.0
Emersonn Emersonn,Ipswich Town,FWD,5.5,0,0,0.0,0.3,0,0,0,0,0,0,0,0,0,0,0,0,0.0,0.0,0.0,0.0,0.0,0,0.0,0.0,0,0,0,0,0.0,0.0,0.0,0.0,0.0,0.0,0.0,0.0,0,0,0,0,0,0.0,,556,66,556,66,555,66,556,66,,,,,,,0.0,0.0,0.0,0.0,0.0,0.0,197,42,441,39,556,66,298,55,0.0,0.0
George Hirst,Ipswich Town,FWD,5.0,0,0,0.0,0.5,0,0,0,0,0,0,0,0,0,0,0,0,0.0,0.0,0.0,0.0,0.0,0,0.0,0.0,0,0,0,0,0.0,0.0,0.0,0.0,0.0,0.0,0.0,0.0,0,0,0,0,0,0.0,,504,57,500,57,497,57,504,57,,,,,1.0,,0.0,0.0,0.0,0.0,0.0,0.0,266,48,245,15,504,57,261,46,0.0,0.0
Jaden Philogene,Ipswich Town,MID,5.5,0,0,0.0,0.2,0,0,0,0,0,0,0,0,0,0,0,0,0.0,0.0,0.0,0.0,0.0,0,0.0,0.0,0,0,0,0,0.0,0.0,0.0,0.0,0.0,0.0,0.0,0.0,0,0,0,0,0,0.0,,553,240,553,240,552,240,553,240,5.0,,,,3.0,,0.0,0.0,0.0,0.0,0.0,0.0,180,110,424,155,553,240,363,136,0.0,0.0
Sam Szmodics,Ipswich Town,MID,5.0,0,0,0.0,0.1,0,0,0,0,0,0,0,0,0,0,0,0,0.0,0.0,0.0,0.0,0.0,0,0.0,0.0,0,0,0,0,0.0,0.0,0.0,0.0,0.0,0.0,0.0,0.0,0,0,0,0,0,0.0,,498,204,494,204,488,203,498,204,,,,,,,0.0,0.0,0.0,0.0,0.0,0.0,238,146,217,38,498,204,432,172,0.0,0.0
Chuba Akpom,Ipswich Town,FWD,5.0,0,0,0.0,0.5,0,0,0,0,0,0,0,0,0,0,0,0,0.0,0.0,0.0,0.0,0.0,0,0.0,0.0,0,0,0,0,0.0,0.0,0.0,0.0,0.0,0.0,0.0,0.0,0,0,0,0,0,0.0,,494,55,490,55,484,55,494,55,,,,,,,0.0,0.0,0.0,0.0,0.0,0.0,229,46,208,13,494,55,257,45,0.0,0.0
Sindre Walle Egeli,Ipswich Town,FWD,4.5,0,0,0.0,2.3,0,0,0,0,0,0,0,0,0,0,0,0,0.0,0.0,0.0,0.0,0.0,0,0.0,0.0,0,0,0,0,0.0,0.0,0.0,0.0,0.0,0.0,0.0,0.0,0,0,0,0,0,0.0,,482,50,478,50,468,50,484,51,,,,,,,0.0,0.0,0.0,0.0,0.0,0.0,477,62,170,6,486,52,115,18,0.0,0.0
Ali Al-Hamadi,Ipswich Town,FWD,5.0,0,0,0.0,0.2,0,0,0,0,0,0,0,0,0,0,0,0,0.0,0.0,0.0,0.0,0.0,0,0.0,0.0,0,0,0,0,0.0,0.0,0.0,0.0,0.0,0.0,0.0,0.0,0,0,0,0,0,0.0,,517,59,515,59,512,59,517,59,,,,,,,0.0,0.0,0.0,0.0,0.0,0.0,300,51,279,18,517,59,364,61,0.0,0.0
Kasey McAteer,Ipswich Town,MID,4.5,0,0,0.0,1.8,0,0,0,0,0,0,0,0,0,0,0,0,0.0,0.0,0.0,0.0,0.0,0,0.0,0.0,0,0,0,0,0.0,0.0,0.0,0.0,0.0,0.0,0.0,0.0,0,0,0,0,0,0.0,,465,190,458,192,444,186,467,191,,,,,,,0.0,0.0,0.0,0.0,0.0,0.0,441,233,134,8,470,193,143,45,0.0,0.0
Anis Mehmeti,Ipswich Town,MID,5.0,0,0,0.0,0.1,0,0,0,0,0,0,0,0,0,0,0,0,0.0,0.0,0.0,0.0,0.0,0,0.0,0.0,0,0,0,0,0.0,0.0,0.0,0.0,0.0,0.0,0.0,0.0,0,0,0,0,0,0.0,,508,209,504,209,501,208,508,209,,,,,,,0.0,0.0,0.0,0.0,0.0,0.0,274,164,253,56,508,209,468,189,0.0,0.0
Kayne Van Oevelen,Ipswich Town,GKP,4.5,0,0,0.0,0.1,0,0,0,0,0,0,0,0,0,0,0,0,0.0,0.0,0.0,0.0,0.0,0,0.0,0.0,0,0,0,0,0.0,0.0,0.0,0.0,0.0,0.0,0.0,0.0,0,0,0,0,0,0.0,,475,58,471,52,461,46,477,58,,,,,,,0.0,0.0,0.0,0.0,0.0,0.0,468,41,161,42,480,58,409,48,0.0,0.0
Daizen Maeda,Ipswich Town,MID,5.5,0,0,0.0,0.4,0,0,0,0,0,0,0,0,0,0,0,0,0.0,0.0,0.0,0.0,0.0,0,0.0,0.0,0,0,0,0,0.0,0.0,0.0,0.0,0.0,0.0,0.0,0.0,0,0,0,0,0,0.0,,550,237,550,237,549,237,550,237,,,,,,,0.0,0.0,0.0,0.0,0.0,0.0,161,101,405,146,550,237,273,90,0.0,0.0
Kjell Scherpen,Ipswich Town,GKP,4.5,0,0,0.0,0.2,0,0,0,0,0,0,0,0,0,0,0,0,0.0,0.0,0.0,0.0,0.0,0,0.0,0.0,0,0,0,0,0.0,0.0,0.0,0.0,0.0,0.0,0.0,0.0,0,0,0,0,0,0.0,,460,56,452,46,437,38,462,56,,,,,,,0.0,0.0,0.0,0.0,0.0,0.0,425,33,118,34,465,56,360,41,0.0,0.0
Ryan Giles,Hull City,DEF,4.0,0,0,0.0,0.6,0,0,0,0,0,0,0,0,0,0,0,0,0.0,0.0,0.0,0.0,0.0,0,0.0,0.0,0,0,0,0,0.0,0.0,0.0,0.0,0.0,0.0,0.0,0.0,0,0,0,0,0,0.0,,418,148,403,147,384,143,420,148,4.0,,1.0,,,,0.0,0.0,0.0,0.0,0.0,0.0,530,158,30,19,424,149,240,85,0.0,0.0
